id,contest1,contest2,contest3,contest4,contest5,contest6,contest7,contest8,contest9,contest10
5316558161,2186,2283,2121,2030.0,1937.0,1943.0,1805.0,1776.0,1635.0,1541.0
8188371053,2143,2254,2170,2185.0,2083.0,2105.0,2073.0,1982.0,2057.0,1966.0
6014349269,2487,2315,2376,2348.0,2356.0,2275.0,2205.0,2183.0,2122.0,2188.0
5969753904,2252,2221,2220,2290.0,2272.0,2265.0,2223.0,2329.0,2262.0,2269.0
9129361700,2137,2091,2107,2147.0,2047.0,2035.0,2118.0,2105.0,2133.0,2109.0
7144327026,2128,2067,2067,1929.0,1927.0,1904.0,1918.0,1895.0,1935.0,1955.0
4778696980,2497,2349,2266,2261.0,2218.0,2373.0,2405.0,2281.0,2290.0,2221.0
3814814838,2048,2051,2110,1942.0,1861.0,1723.0,1513.0,1201.0,768.0,
9145659877,2439,2313,2389,2417.0,2355.0,2321.0,2257.0,2305.0,2342.0,2350.0
8476779894,2621,2467,2489,2430.0,2327.0,2281.0,2261.0,2017.0,2012.0,1673.0
7400782497,1987,2009,2098,2039.0,2110.0,2022.0,1999.0,1911.0,1902.0,1775.0
1903094057,2163,2187,2015,2096.0,2102.0,2075.0,1962.0,1894.0,1974.0,2038.0
3082813110,2069,2006,1838,1815.0,1860.0,1740.0,1872.0,1935.0,1898.0,1869.0
4664337695,2497,2321,2286,2262.0,2193.0,2313.0,2317.0,2254.0,2385.0,2310.0
5329568350,2569,2546,2499,2490.0,2363.0,2412.0,2397.0,2417.0,2494.0,2490.0
9807843315,2365,2399,2378,2310.0,2329.0,2006.0,2062.0,2044.0,2109.0,2229.0
8492388620,2138,2076,2168,2165.0,2208.0,2116.0,2186.0,2176.0,2171.0,2174.0
2213682537,2419,2580,2426,2378.0,2334.0,2366.0,2304.0,2390.0,2309.0,2278.0
9321957163,2052,2013,2074,2071.0,2061.0,2074.0,2060.0,2054.0,2062.0,1998.0
3092230722,2281,2245,2305,2264.0,2258.0,2267.0,2096.0,1867.0,1608.0,1544.0
4130449785,2119,2052,2026,2044.0,1915.0,1898.0,1896.0,1947.0,1883.0,1903.0
5241937201,2377,2293,2257,2137.0,2249.0,2332.0,2401.0,2346.0,2297.0,2269.0
8531592608,1981,2016,1967,2027.0,1931.0,1856.0,1928.0,1936.0,1918.0,1966.0
6350975450,2058,1969,1932,1936.0,1747.0,1707.0,1508.0,1196.0,963.0,555.0
6242608358,1990,2022,1982,2005.0,1920.0,1862.0,1852.0,1816.0,1794.0,1778.0
3948648340,2406,2288,2296,2310.0,2309.0,2320.0,2256.0,2346.0,2334.0,2442.0
9383077744,2114,2178,2149,2177.0,2148.0,2092.0,2142.0,2096.0,2022.0,2000.0
5961247919,2424,2304,2093,2067.0,1961.0,1889.0,1804.0,1704.0,1589.0,1279.0
8773697057,2060,2028,1983,1939.0,1918.0,1802.0,1601.0,1485.0,1155.0,599.0
8544311425,2063,2152,2139,2112.0,1975.0,2155.0,2150.0,2067.0,1974.0,1935.0
3838632606,2610,2596,2516,2430.0,2512.0,2442.0,2338.0,2172.0,2109.0,1918.0
8757931319,2017,1970,1989,1916.0,1852.0,1888.0,1810.0,1866.0,1856.0,1880.0
4145958226,2252,2127,2200,2211.0,2245.0,2318.0,2330.0,2326.0,2272.0,2227.0
2143331745,2168,2059,2070,1931.0,2105.0,2099.0,1866.0,1799.0,1870.0,1755.0
4693762786,2107,1991,2034,2135.0,2104.0,2018.0,1917.0,1857.0,1847.0,1925.0
6816550288,2533,2616,2805,2854.0,2686.0,2517.0,2533.0,2537.0,2446.0,2279.0
5533193902,2224,2177,2122,2152.0,2117.0,2016.0,2037.0,1935.0,1905.0,1963.0
5662835469,1982,1932,1861,1802.0,1755.0,1718.0,1538.0,1445.0,1140.0,542.0
7296726126,2230,2013,2116,2172.0,2254.0,2213.0,2280.0,2236.0,2257.0,2205.0
9680255634,1984,1758,1486,1082.0,716.0,,,,,
1810100602,2027,1889,1688,1621.0,1552.0,1566.0,1559.0,1367.0,1281.0,1179.0
3939725093,2065,2004,2005,2075.0,2075.0,2124.0,2060.0,1998.0,1922.0,1897.0
7486479526,2301,2126,2061,1915.0,1747.0,1613.0,1201.0,682.0,,
1714392061,2397,2387,2322,2315.0,2305.0,2262.0,2229.0,2136.0,2164.0,2169.0
8413134433,1990,1981,1945,1956.0,2007.0,2102.0,2130.0,2125.0,2069.0,1998.0
2811212735,2421,2385,2377,2323.0,2249.0,2291.0,2343.0,2294.0,2256.0,2161.0
1124735089,1981,2061,1975,2082.0,2096.0,2096.0,1902.0,1862.0,1882.0,1826.0
6643260931,2503,2578,2604,2617.0,2558.0,2578.0,2590.0,2628.0,2559.0,2573.0
3317308315,2094,2118,2177,2225.0,2148.0,2097.0,2085.0,2124.0,2148.0,2118.0
6760366572,2782,2715,2441,2285.0,2121.0,1640.0,996.0,,,
8134993069,2047,2134,2017,1973.0,2075.0,2014.0,2032.0,2055.0,2015.0,1855.0
2321701416,2065,2104,2124,2145.0,2184.0,2097.0,2040.0,2080.0,2020.0,1966.0
5943974570,2371,2409,2437,2407.0,2359.0,2438.0,2470.0,2438.0,2427.0,2459.0
4667819235,2171,2094,2110,2069.0,2219.0,2207.0,2281.0,2137.0,2071.0,2124.0
9977961666,3493,3697,3559,3370.0,3397.0,3393.0,3415.0,3461.0,3460.0,3441.0
3612288943,2107,2133,2095,2061.0,1946.0,1919.0,1967.0,2003.0,2078.0,2001.0
9103881971,2112,2105,2115,2013.0,1968.0,2053.0,2018.0,2035.0,2125.0,2032.0
1175295355,2274,2294,2298,2358.0,2393.0,2418.0,2462.0,2414.0,2500.0,2403.0
3356230258,2602,2652,2490,2433.0,2324.0,2303.0,2264.0,2083.0,2162.0,1905.0
5100053516,2040,1942,1964,1913.0,1911.0,1835.0,1898.0,1855.0,2007.0,1934.0
4465208254,2207,2258,2342,2295.0,2328.0,2376.0,2343.0,2306.0,2387.0,2236.0
5713167539,2127,2194,2092,2123.0,2028.0,2058.0,2118.0,2022.0,1993.0,1927.0
8805790704,2323,2310,2348,2394.0,2408.0,2530.0,2507.0,2452.0,2249.0,2217.0
9574956203,2018,1972,1944,1933.0,1829.0,1796.0,1830.0,1800.0,1736.0,1821.0
2420187711,2270,1861,1520,872.0,,,,,,
7228580165,2467,2381,2333,2366.0,2345.0,2387.0,2371.0,2386.0,2365.0,2232.0
4369945500,2057,2026,1980,1946.0,2037.0,1903.0,1667.0,1497.0,1191.0,719.0
5682829476,2031,1979,1854,1812.0,1870.0,1910.0,1885.0,1904.0,1840.0,1795.0
1988944132,2120,2034,1936,2080.0,2057.0,1959.0,2029.0,2058.0,1896.0,1755.0
2969016326,2044,1843,1634,1287.0,758.0,,,,,
7189541944,2117,2003,1903,1900.0,1774.0,2006.0,2037.0,1968.0,1936.0,1858.0
5162915151,1990,1896,1811,1273.0,773.0,,,,,
5697119644,2084,1903,1812,1832.0,1697.0,1631.0,1540.0,1472.0,1653.0,1674.0
3357442890,3125,3022,3066,3026.0,3064.0,2981.0,2930.0,2791.0,2864.0,2825.0
3900439857,2358,2389,2341,2296.0,2219.0,2273.0,2289.0,2294.0,2259.0,2200.0
3172587113,2756,2712,2719,2770.0,2683.0,2674.0,2637.0,2688.0,2655.0,2675.0
1858997425,2041,2013,1989,1806.0,1660.0,1564.0,1329.0,823.0,496.0,
3684723277,2116,2149,2295,2216.0,2238.0,2276.0,2226.0,2184.0,2143.0,2248.0
6490410856,2212,2249,2216,2264.0,2326.0,2390.0,2355.0,2427.0,2324.0,2471.0
3384756400,2262,2308,2307,2219.0,2276.0,2351.0,2352.0,2376.0,2367.0,2412.0
2080396638,2126,1915,1851,1834.0,1829.0,1725.0,1657.0,1639.0,1635.0,1521.0
3993669020,1982,1993,1979,2024.0,1945.0,1924.0,1939.0,2059.0,2097.0,2071.0
3599293854,2085,2045,2074,2058.0,2004.0,1961.0,1939.0,1940.0,1798.0,1781.0
9324729503,2143,2068,2083,1972.0,1960.0,2034.0,1954.0,1754.0,1762.0,1682.0
9715986468,2119,1944,1873,1544.0,1154.0,519.0,,,,
7078606195,2186,2075,2107,2085.0,2107.0,2071.0,2043.0,1975.0,1958.0,1971.0
8026855223,2443,2462,2368,2310.0,2298.0,2249.0,2148.0,2131.0,2143.0,2156.0
7436324281,2243,2269,2030,2034.0,2107.0,1948.0,1932.0,1856.0,1788.0,1653.0
8812688478,2140,2196,2053,2016.0,1963.0,2004.0,2006.0,1856.0,2004.0,1998.0
3745861077,2120,2203,2108,2002.0,2012.0,1980.0,1946.0,1960.0,1924.0,1989.0
2733244754,2139,2055,2152,2109.0,2162.0,2026.0,1992.0,2033.0,2044.0,2001.0
6047517267,2254,2223,2325,2481.0,2319.0,2215.0,2260.0,2324.0,2203.0,2300.0
4453345530,2025,2015,1914,1968.0,1893.0,1908.0,2019.0,2012.0,1870.0,1905.0
9712860013,2148,2142,2083,2022.0,2055.0,2046.0,2007.0,1939.0,1868.0,1615.0
3416568964,2088,1872,1534,1206.0,713.0,,,,,
7736187212,2190,2159,2165,2179.0,2141.0,2040.0,1961.0,1957.0,1886.0,1827.0
9683592826,2943,2905,2747,2747.0,2743.0,2797.0,2737.0,2831.0,2706.0,2776.0
8183589446,1984,1983,1974,1846.0,1877.0,1941.0,1827.0,1653.0,1709.0,1673.0
8182031399,1980,1944,2025,2029.0,2026.0,2000.0,1961.0,1845.0,1938.0,1996.0
8075911896,2455,2470,2428,2400.0,2336.0,2202.0,2264.0,2215.0,2045.0,2110.0
1733063425,2474,2458,2429,2388.0,2394.0,2415.0,2395.0,2445.0,2311.0,2233.0
2353566733,2100,2068,2161,2203.0,2261.0,2279.0,2279.0,2195.0,2182.0,2190.0
5895029535,2297,2168,2222,2216.0,2185.0,2074.0,2145.0,2183.0,2180.0,2131.0
6819540501,2218,2174,1770,1549.0,1406.0,1188.0,680.0,,,
3386521799,2186,2157,2162,2126.0,2094.0,2099.0,2171.0,2241.0,2163.0,2052.0
7135857451,2192,2077,1977,2087.0,1968.0,1853.0,1821.0,1766.0,1787.0,1705.0
8796491445,2024,2088,1967,1801.0,1527.0,1138.0,724.0,,,
6069739819,2233,2255,2225,2295.0,2311.0,2238.0,2233.0,2271.0,2376.0,2322.0
2652108141,2269,2261,2213,2196.0,2087.0,2180.0,2094.0,2047.0,1937.0,1807.0
8362912937,1976,1958,1886,1843.0,1799.0,1783.0,1746.0,1797.0,1752.0,1788.0
2497422551,2124,2050,2221,2039.0,1981.0,1924.0,1884.0,1832.0,1850.0,1890.0
5871095593,2326,2224,2130,2135.0,2101.0,2167.0,2119.0,2159.0,2018.0,1916.0
1104805783,1992,1984,2061,2010.0,2052.0,1975.0,1842.0,1855.0,1835.0,1775.0
8444837408,2784,2780,2693,2578.0,2608.0,2559.0,2532.0,2537.0,2467.0,2515.0
6185721844,2252,2264,2269,2343.0,2350.0,2246.0,2262.0,2276.0,2252.0,2227.0
6606489992,2767,2684,2719,2623.0,2606.0,2612.0,2499.0,2400.0,2333.0,2317.0
8967830567,2152,2229,2055,1911.0,1979.0,2038.0,1997.0,1950.0,2013.0,1932.0
4550560542,2336,2329,2361,2231.0,2295.0,2359.0,2307.0,2318.0,2251.0,2338.0
7260408273,2342,2142,2149,2170.0,2021.0,2144.0,2151.0,1934.0,2198.0,2036.0
6477516777,2141,2169,2201,2202.0,2256.0,2210.0,2124.0,2208.0,2261.0,2261.0
5937501277,2198,2309,2238,2272.0,2152.0,2208.0,2156.0,2052.0,2056.0,1960.0
6741027231,2041,2087,1970,1979.0,1885.0,1934.0,1766.0,1770.0,1753.0,1658.0
4907140698,2213,1975,1911,1663.0,1376.0,718.0,,,,
5978737201,2082,2073,2022,1984.0,1844.0,1756.0,1640.0,1597.0,1428.0,1327.0
8995054282,2183,2075,2105,2138.0,2186.0,2120.0,2062.0,2016.0,1990.0,2043.0
4425591569,2102,2061,2123,2075.0,2052.0,2037.0,2049.0,2125.0,2056.0,1985.0
1118518774,2063,1982,1967,2004.0,1963.0,1866.0,1786.0,1734.0,1716.0,1595.0
6889883217,2219,2120,2034,1768.0,1380.0,890.0,,,,
9224955731,2324,2356,2416,2442.0,2439.0,2383.0,2285.0,2265.0,2307.0,2336.0
3108172694,2006,2015,2031,2037.0,2120.0,2086.0,2085.0,1975.0,2008.0,2075.0
3134026140,2149,2221,2220,2221.0,2216.0,2109.0,2163.0,2112.0,2145.0,2105.0
4439028939,2170,2099,2141,2257.0,2244.0,2088.0,2126.0,2169.0,2129.0,2040.0
7414762647,2144,2076,2033,1889.0,1831.0,1888.0,1940.0,1919.0,1951.0,1742.0
1048152852,2542,2556,2465,2404.0,2177.0,2166.0,2091.0,2107.0,2129.0,1858.0
9143307365,2111,2088,2104,2185.0,2074.0,1991.0,2001.0,1781.0,1541.0,1382.0
8766445247,2449,2392,2359,2442.0,2377.0,2471.0,2361.0,2328.0,2311.0,2283.0
8663337910,2482,2372,2275,2198.0,2262.0,2220.0,2266.0,2216.0,2227.0,2336.0
4109150458,1997,1992,1916,1836.0,1873.0,1873.0,1939.0,1908.0,1973.0,1881.0
9832438907,2049,2054,1926,1839.0,1708.0,1566.0,1098.0,639.0,,
4322932261,2181,2097,2177,2088.0,2171.0,2235.0,2116.0,2121.0,2069.0,2170.0
2357056590,2248,2221,2194,2064.0,1661.0,1005.0,869.0,,,
7475104923,2472,2462,2498,2527.0,2500.0,2504.0,2488.0,2412.0,2386.0,2412.0
4289831885,2111,2086,2033,1982.0,1891.0,1937.0,1957.0,1917.0,1985.0,1946.0
6720839177,2009,2024,1971,1982.0,1931.0,1952.0,1971.0,1905.0,1867.0,1733.0
7365096549,2523,2539,2564,2655.0,2605.0,2696.0,2698.0,2625.0,2562.0,2504.0
8292168674,2076,1964,1927,1909.0,2082.0,2107.0,2123.0,2064.0,2090.0,2170.0
9671896203,2209,2283,2280,2064.0,1988.0,1891.0,1834.0,1863.0,1944.0,1884.0
6863540643,2236,2245,2132,2033.0,1997.0,1907.0,2146.0,2003.0,2103.0,2210.0
9235326769,2093,1928,1851,1928.0,1821.0,1829.0,1816.0,1835.0,1912.0,1904.0
4539522476,2008,1945,1894,1895.0,1822.0,1832.0,1952.0,1938.0,1952.0,1653.0
3277365829,2286,2267,2302,2419.0,2350.0,2382.0,2302.0,2273.0,2194.0,2290.0
7023345191,1977,1967,1894,1999.0,2031.0,2031.0,1831.0,1908.0,1746.0,1659.0
3384831290,2501,2288,2118,1842.0,1761.0,1688.0,1359.0,1505.0,1661.0,1356.0
4229876444,2419,2467,2428,2476.0,2496.0,2515.0,2532.0,2487.0,2482.0,2420.0
2754603507,2475,2541,2564,2597.0,2538.0,2422.0,2418.0,2542.0,2481.0,2441.0
2883352661,2111,2033,2102,1981.0,1930.0,1897.0,1785.0,1797.0,1710.0,1802.0
7807946050,2134,2153,2199,2145.0,2170.0,2201.0,2220.0,2153.0,2104.0,2031.0
1240477420,2260,2105,1791,1386.0,800.0,,,,,
1292939055,2147,2143,2191,2150.0,2107.0,2024.0,2095.0,2141.0,2065.0,2092.0
5793178217,2324,2221,2325,2227.0,2093.0,1908.0,1979.0,1798.0,1584.0,1320.0
1824173546,2245,2144,2077,2152.0,2202.0,2113.0,2102.0,2106.0,2076.0,2022.0
5605997078,2650,2619,2659,2702.0,2712.0,2676.0,2610.0,2578.0,2636.0,2658.0
3291015034,2050,1884,1870,1790.0,1802.0,1673.0,1615.0,1612.0,1631.0,1511.0
1499210683,2122,2175,2115,2193.0,2207.0,2210.0,2187.0,2001.0,1940.0,1892.0
8351830357,2151,2154,2184,2174.0,2084.0,1935.0,1804.0,1757.0,1849.0,1932.0
9600911865,2054,1999,1889,1816.0,1865.0,1756.0,1787.0,1853.0,1799.0,1812.0
8473092848,2047,2047,2053,2016.0,2012.0,2016.0,1995.0,1970.0,1981.0,2020.0
5122225521,2011,1951,1850,1901.0,1843.0,1701.0,1879.0,1850.0,1852.0,1716.0
4873961803,2214,2095,2032,1991.0,2030.0,2049.0,1987.0,1896.0,1895.0,1755.0
3968933089,2185,2270,2229,2224.0,2280.0,2298.0,2281.0,2252.0,2300.0,2350.0
9617668873,2313,2259,2336,2355.0,2293.0,2254.0,2092.0,1709.0,1193.0,862.0
2932277645,2123,1986,1948,1822.0,1699.0,1620.0,1181.0,695.0,,
5710705084,2536,2606,2496,2572.0,2489.0,2458.0,2592.0,2718.0,2664.0,2634.0
2579310092,2515,2527,2437,2437.0,2362.0,2311.0,2264.0,2317.0,2359.0,2378.0
9480350921,2000,1951,1900,1927.0,1820.0,1787.0,1721.0,1686.0,1681.0,1592.0
2041152658,2114,2103,2086,2039.0,2078.0,2062.0,2033.0,2033.0,1995.0,1956.0
2277228284,2040,2021,1964,2041.0,1839.0,1685.0,1493.0,1327.0,1043.0,873.0
6476466276,2024,2059,1979,2092.0,2022.0,2034.0,2122.0,2051.0,2133.0,2086.0
4106448045,2537,2531,2551,2598.0,2504.0,2471.0,2578.0,2629.0,2618.0,2540.0
3792366015,2393,2427,2495,2394.0,2357.0,2443.0,2494.0,2493.0,2553.0,2559.0
5938435194,2315,2238,2173,2137.0,2064.0,1991.0,1917.0,2000.0,2019.0,2002.0
9938527272,2319,2268,2058,1787.0,1371.0,751.0,,,,
9812373706,2129,2061,1986,1956.0,2066.0,2063.0,2065.0,2179.0,2152.0,2028.0
5837247213,2249,2198,2196,2168.0,2100.0,2064.0,2123.0,2163.0,2182.0,2045.0
8390072290,1986,1990,1820,1794.0,1762.0,1642.0,1589.0,1678.0,1576.0,1596.0
4672086665,2177,2194,2220,2195.0,2170.0,2248.0,2127.0,2022.0,2075.0,2113.0
6288914300,2292,2203,2267,2235.0,2212.0,2241.0,2156.0,2089.0,1962.0,2096.0
9081852647,2109,2080,2025,2042.0,2091.0,2011.0,1951.0,1841.0,1879.0,1896.0
3771750981,2100,2134,2164,2202.0,2096.0,2142.0,2050.0,1883.0,1890.0,1904.0
6133347388,2203,2264,2369,2375.0,2286.0,2296.0,2331.0,2313.0,2218.0,2216.0
2871127208,2400,2472,2510,2500.0,2476.0,2574.0,2667.0,2601.0,2515.0,2550.0
1032830327,1989,1902,1890,1924.0,1955.0,1856.0,1854.0,1742.0,1774.0,1704.0
2738509237,2185,2205,2175,2149.0,2104.0,2078.0,2079.0,2089.0,2092.0,2045.0
8624232524,2425,2368,2171,2164.0,2147.0,2384.0,2326.0,2340.0,2295.0,2266.0
2437338882,3572,3518,3569,3487.0,3644.0,3833.0,3724.0,3727.0,3783.0,3813.0
1105616117,2025,2020,2025,2108.0,2109.0,2064.0,2062.0,2056.0,2074.0,2040.0
7707992174,2042,2029,2049,2071.0,2025.0,2045.0,2020.0,1972.0,1903.0,1877.0
1298353024,2109,2037,2039,1914.0,1932.0,1826.0,1852.0,1796.0,1850.0,1804.0
6686110770,2441,2276,2200,2204.0,2187.0,2097.0,1932.0,2016.0,1878.0,1769.0
7605390616,2281,2091,2104,2121.0,2162.0,2195.0,2126.0,2108.0,2115.0,2134.0
6299374541,2197,2162,2151,2146.0,2059.0,1971.0,1961.0,2030.0,2033.0,2087.0
2756178008,2561,2463,2386,2305.0,2245.0,2221.0,2119.0,2167.0,2155.0,2186.0
8029853731,1977,1914,1701,1450.0,1272.0,829.0,,,,
5255626624,2058,2105,2179,2135.0,2001.0,2016.0,2084.0,2112.0,2138.0,2219.0
1232076220,2409,2259,2198,2042.0,2101.0,2053.0,2044.0,1984.0,2032.0,1970.0
8563830257,2167,2101,2020,1953.0,1928.0,1887.0,1880.0,1940.0,1996.0,1919.0
8636242470,2156,2212,2192,2145.0,2177.0,2142.0,2046.0,2083.0,2037.0,1984.0
9267433918,2264,2125,2053,2077.0,2001.0,2041.0,2093.0,2036.0,2032.0,2095.0
5366350778,2047,1985,1975,2061.0,2044.0,2155.0,2178.0,2058.0,2046.0,2105.0
9927876750,2043,2036,2050,2039.0,2029.0,1976.0,2001.0,2071.0,2095.0,2077.0
7326120644,2090,2080,2127,2128.0,2165.0,2065.0,1953.0,1925.0,1849.0,1900.0
7399529395,2302,2018,1824,1596.0,1667.0,1664.0,1773.0,1681.0,1339.0,1519.0
8400956620,2076,2027,1999,1999.0,2062.0,1984.0,1975.0,1963.0,1975.0,1974.0
1625009091,2105,2008,1934,1616.0,1192.0,706.0,,,,
7291701040,2297,2382,2341,2386.0,2242.0,2313.0,2253.0,2275.0,2122.0,1786.0
5571088021,2135,2138,2106,2003.0,1951.0,1900.0,1906.0,1831.0,1725.0,1542.0
5081770861,2218,2279,2383,2367.0,2334.0,2280.0,2243.0,2210.0,2077.0,2096.0
9605195327,2144,2180,2200,2219.0,2245.0,2276.0,2057.0,1853.0,1885.0,2168.0
7903413068,2089,2012,2070,2082.0,2097.0,2148.0,2093.0,2143.0,2256.0,2223.0
8966690789,2137,2141,2029,2033.0,2134.0,2197.0,2031.0,2015.0,2016.0,2054.0
9234674310,1997,1936,1872,1754.0,1672.0,1712.0,1808.0,1825.0,1813.0,1757.0
6406675957,2147,1957,1805,1668.0,1575.0,1440.0,1249.0,1284.0,1196.0,1317.0
5814459019,2232,2064,2135,2093.0,2139.0,2132.0,2103.0,2147.0,2265.0,2155.0
9005027052,1993,1952,1864,1791.0,1763.0,1734.0,1672.0,1627.0,1550.0,1471.0
6934227063,2167,2070,2086,2046.0,1968.0,1941.0,2013.0,1958.0,1795.0,1787.0
8104021812,2421,2274,2292,2243.0,2128.0,2155.0,2162.0,2040.0,2082.0,2070.0
4317468532,2192,2061,2172,1983.0,1999.0,1929.0,1961.0,1962.0,1892.0,1923.0
6112790604,1988,2031,1907,1819.0,1629.0,1333.0,997.0,584.0,,
9267698428,2229,2160,2122,2120.0,2054.0,1973.0,2017.0,2055.0,2048.0,2006.0
9401238521,1995,1902,1970,1954.0,1986.0,1905.0,1975.0,1930.0,1856.0,1930.0
6514772881,2043,1941,1851,1886.0,1841.0,1736.0,1645.0,1664.0,1650.0,1645.0
7816172710,2132,2082,2086,2066.0,2005.0,1982.0,1932.0,1855.0,1740.0,1656.0
5324439481,2205,2276,2150,2130.0,2038.0,2048.0,2110.0,2065.0,1906.0,1808.0
1911670194,2661,2666,2653,2497.0,2602.0,2652.0,2624.0,2650.0,2721.0,2607.0
4202511495,2471,2409,2350,2298.0,2301.0,2197.0,2077.0,2055.0,2017.0,2177.0
2115658167,2218,2237,2119,2084.0,2122.0,1874.0,1755.0,,,
3139934885,2621,2623,2585,2669.0,2538.0,2631.0,2689.0,2633.0,2700.0,2808.0
2983055584,2399,2308,2258,2292.0,2247.0,2221.0,2300.0,2274.0,2083.0,2038.0
5918958492,2130,2107,2148,1924.0,1792.0,1917.0,2017.0,1965.0,1878.0,1825.0
9513391741,2278,2090,1999,1667.0,1114.0,762.0,,,,
3437216748,2000,2091,2080,2081.0,2063.0,1926.0,1920.0,1915.0,1945.0,1924.0
7954654104,2679,2730,2671,2739.0,2675.0,2727.0,2754.0,2715.0,2730.0,2678.0
5123387259,1983,1970,2061,2110.0,1937.0,1758.0,1787.0,1784.0,1904.0,1610.0
6759509321,1982,1845,1705,1794.0,1567.0,1587.0,1563.0,1430.0,1233.0,981.0
5393584211,2058,2015,1939,1719.0,1493.0,1080.0,646.0,,,
6031410558,2154,2068,2156,2170.0,2114.0,2016.0,1935.0,1984.0,1896.0,1923.0
3013858091,2635,2563,2508,2592.0,2514.0,2655.0,2665.0,2515.0,2528.0,2603.0
2305014630,2370,2349,2295,2357.0,2331.0,2395.0,2353.0,2261.0,2235.0,2230.0
1157241649,2461,2490,2533,2642.0,2560.0,2431.0,2405.0,2349.0,2384.0,2494.0
8731462093,2205,2203,2225,2132.0,2183.0,2262.0,2183.0,2112.0,2067.0,2183.0
2221220079,2152,2149,2126,2135.0,2121.0,2137.0,2245.0,2161.0,2070.0,1923.0
8428162028,2205,2263,2085,1984.0,2134.0,2145.0,2204.0,2126.0,2174.0,2085.0
4539657549,2008,1906,1711,1774.0,1495.0,1140.0,724.0,,,
9572955218,2142,2211,2236,2226.0,2107.0,2104.0,2189.0,2140.0,2105.0,2104.0
2738047541,2105,2090,2073,1938.0,1859.0,1810.0,1817.0,1736.0,1760.0,1754.0
6944836441,2285,2264,2215,2223.0,2216.0,2222.0,2209.0,2149.0,2110.0,2153.0
6631148928,1981,1826,1827,1802.0,1774.0,1827.0,1839.0,1928.0,1788.0,1754.0
9403042377,2388,2166,2109,1928.0,1610.0,1664.0,1704.0,1777.0,1796.0,1828.0
6974639384,2232,2188,2156,2144.0,2180.0,2144.0,2124.0,2062.0,2096.0,1996.0
8406594362,2755,2730,2670,2659.0,2688.0,2703.0,2804.0,2834.0,2804.0,2725.0
4866555724,2143,2057,2097,1998.0,2038.0,1977.0,1831.0,1854.0,1860.0,1897.0
7056061612,2022,2000,2024,2000.0,1960.0,2012.0,1974.0,1961.0,1946.0,1843.0
8455002203,2087,2031,2082,1937.0,1930.0,1839.0,1856.0,1882.0,1913.0,1804.0
9043130008,2055,2048,2029,2078.0,2135.0,2214.0,2167.0,2161.0,2089.0,2096.0
6211604541,2195,2208,2096,2067.0,2160.0,1995.0,1992.0,1883.0,1919.0,1938.0
4260627702,2293,2376,2356,2467.0,2362.0,2391.0,2409.0,2392.0,2398.0,2422.0
8876060717,2231,2110,2053,1971.0,2015.0,2042.0,1925.0,1896.0,1944.0,1896.0
2720267459,1991,1947,1992,2057.0,2028.0,1961.0,1797.0,1902.0,2116.0,2039.0
4650669946,2144,2130,2142,2062.0,2011.0,1954.0,1967.0,1946.0,1941.0,1933.0
6393484337,2388,2424,2342,2361.0,2386.0,2315.0,2357.0,2281.0,2215.0,2326.0
1033288476,2226,1980,1466,917.0,,,,,,
8183088217,2717,2755,2715,2838.0,2806.0,2741.0,2822.0,2804.0,2863.0,2853.0
6098583621,2300,2281,2252,2205.0,2251.0,2213.0,2164.0,2150.0,2259.0,2191.0
9430493157,2244,2131,2164,2241.0,2327.0,2379.0,2316.0,2383.0,2388.0,2399.0
5352818301,2019,1982,1936,1810.0,1867.0,1850.0,1883.0,1922.0,1880.0,1814.0
6148726684,2233,2230,2260,2373.0,2495.0,2525.0,2635.0,2670.0,2667.0,2631.0
8449628534,2859,2886,2810,2771.0,2743.0,2776.0,2799.0,2682.0,2651.0,2724.0
3576587279,2210,2140,2049,1939.0,1894.0,1782.0,1709.0,1577.0,1376.0,1021.0
9746819813,2404,2355,2374,2429.0,2356.0,2285.0,2345.0,2302.0,2256.0,2235.0
3706283838,2125,2070,1952,1939.0,1955.0,1977.0,2057.0,2085.0,1940.0,2025.0
3058631932,2004,1947,1994,2032.0,1991.0,2116.0,2068.0,2059.0,1950.0,1859.0
3480476392,2187,2166,2081,2144.0,2154.0,2201.0,2226.0,2211.0,2215.0,2109.0
5452028984,2610,2489,2429,2420.0,2497.0,2504.0,2427.0,2502.0,2469.0,2418.0
7591849013,2477,2476,2399,2306.0,2336.0,2361.0,2333.0,2263.0,2262.0,2267.0
1549319138,2124,2065,2111,2007.0,2017.0,2026.0,2109.0,2058.0,1991.0,1982.0
4147778226,2158,2184,2078,1967.0,2050.0,2154.0,2182.0,2141.0,2098.0,2097.0
8214209610,2090,2017,1921,1891.0,1875.0,1863.0,1901.0,1683.0,1602.0,1728.0
9918555350,1978,2080,2035,2088.0,2029.0,2012.0,2021.0,2009.0,2000.0,2043.0
9697628367,1989,2019,2046,1978.0,1978.0,2089.0,2087.0,2119.0,2075.0,2101.0
3737360326,2329,2307,2283,2147.0,2158.0,2184.0,2090.0,1970.0,1921.0,1895.0
9072002071,2027,1978,1907,1697.0,1646.0,1471.0,1200.0,879.0,466.0,
3822270826,2664,2706,2669,2628.0,2585.0,2510.0,2340.0,2432.0,2551.0,2499.0
6519694127,2247,2054,2025,2046.0,2137.0,2058.0,2000.0,2022.0,2022.0,2002.0
2063809578,2380,2514,2401,2390.0,2388.0,2194.0,1912.0,1452.0,952.0,
7759335447,2452,2406,2372,2332.0,2355.0,2227.0,2299.0,2124.0,2133.0,2236.0
6098364808,2015,2125,2087,2033.0,1997.0,2039.0,2081.0,2072.0,2020.0,1922.0
2001831359,2328,2275,2150,2147.0,2026.0,2004.0,1976.0,1955.0,1972.0,1916.0
3207030878,2162,1980,1931,1925.0,1924.0,1895.0,1840.0,1619.0,1444.0,1184.0
5221284769,2044,1752,1347,778.0,,,,,,
2254713264,2226,2128,2088,1950.0,1938.0,1847.0,1883.0,1727.0,1668.0,1719.0
7426321682,2040,1973,2009,2148.0,2038.0,2029.0,1939.0,1648.0,1628.0,1517.0
3164088664,2807,2846,2877,2921.0,2722.0,2677.0,2677.0,2613.0,2590.0,2639.0
5014388692,2172,2153,2105,2039.0,2095.0,2196.0,2189.0,2141.0,2149.0,2144.0
4439545768,2135,2054,1965,1935.0,1901.0,1840.0,1882.0,1928.0,1860.0,1922.0
5905720958,2201,2187,2281,2092.0,2088.0,2067.0,2159.0,2267.0,2230.0,2227.0
9621687256,2029,1981,1882,1914.0,1762.0,1711.0,1650.0,1661.0,1686.0,1757.0
7723195303,2341,2308,2236,2233.0,2217.0,2143.0,2118.0,2180.0,2119.0,2103.0
5695457126,2276,2067,2146,2183.0,2088.0,2168.0,2151.0,2119.0,2034.0,1921.0
7315618974,2136,2098,2040,1962.0,1935.0,1941.0,1949.0,1932.0,1904.0,1958.0
7024020223,2973,2964,3011,2921.0,2927.0,2844.0,2715.0,2655.0,2661.0,2666.0
7641527005,2101,2044,1991,1907.0,1939.0,1963.0,2041.0,2129.0,1970.0,2015.0
2769945590,2168,2062,1759,1351.0,782.0,,,,,
7685610677,2173,2169,2122,2107.0,2122.0,1912.0,1988.0,2049.0,1846.0,1916.0
6774597813,2236,2166,2192,2171.0,2101.0,2128.0,2208.0,2010.0,2047.0,2030.0
1449098274,1978,1772,1794,1779.0,1751.0,1694.0,1707.0,1590.0,,
6681898521,2164,2078,2078,2104.0,1975.0,1924.0,1955.0,1948.0,1923.0,1927.0
9782522776,2032,2018,1949,2029.0,2058.0,1991.0,1821.0,1871.0,1887.0,1959.0
3951322551,1981,1946,2003,1950.0,1923.0,1976.0,1986.0,2008.0,2093.0,2007.0
5012504877,2237,2009,1878,1701.0,1298.0,757.0,,,,
5080166328,2550,2518,2593,2465.0,2348.0,2304.0,2274.0,2207.0,2188.0,2144.0
3090123616,2224,2222,2166,2116.0,2029.0,2113.0,2104.0,2096.0,2115.0,2163.0
7336977114,2139,2109,1982,1880.0,1566.0,1514.0,1376.0,1170.0,770.0,
6301130024,2155,2217,2251,2191.0,2204.0,2223.0,2179.0,2031.0,2110.0,2059.0
4439463673,2095,2028,1940,1842.0,1863.0,1840.0,1768.0,1998.0,1873.0,1792.0
3796242163,1987,2040,2101,2139.0,2102.0,1996.0,1765.0,1734.0,1581.0,1769.0
8550314920,2058,2042,2045,2008.0,2005.0,1943.0,1989.0,1934.0,2031.0,2135.0
1913833100,2441,2459,2513,2422.0,2366.0,2412.0,2348.0,2375.0,2344.0,2405.0
8598490635,2012,1900,1886,1915.0,1942.0,1954.0,1923.0,1925.0,1784.0,1704.0
5351700835,2257,2199,2187,2117.0,2079.0,2067.0,2105.0,2108.0,2124.0,2032.0
9844067487,1988,2001,1985,1992.0,2132.0,2015.0,1926.0,1853.0,1795.0,1769.0
3780724251,2234,2288,2388,2452.0,2449.0,2404.0,2422.0,2456.0,2441.0,2450.0
4799295283,3017,2944,2990,2928.0,2890.0,2857.0,2849.0,2978.0,2999.0,2990.0
3924612847,2228,2146,2223,2205.0,2185.0,2106.0,2159.0,2078.0,2167.0,2130.0
8823302030,2192,2190,2125,2067.0,2073.0,1984.0,1939.0,1953.0,1851.0,1869.0
4653846114,2101,2022,2063,1952.0,1951.0,1908.0,1673.0,1609.0,1493.0,1172.0
5886855493,1980,1952,1883,1879.0,1798.0,1884.0,1942.0,1959.0,2043.0,1974.0
5505686374,2146,2088,2085,2064.0,2046.0,2093.0,2118.0,2003.0,2034.0,1974.0
2859921540,2288,2213,2209,2194.0,2267.0,2363.0,2395.0,2309.0,2391.0,2348.0
7215463296,2012,1673,1220,730.0,,,,,,
1710835146,2204,2119,2112,2019.0,1997.0,2003.0,1982.0,2041.0,1985.0,1893.0
5984122305,2157,2223,2195,2072.0,2012.0,2011.0,1883.0,1988.0,1778.0,1726.0
5807040046,1994,1987,1970,2082.0,2030.0,1828.0,1695.0,1635.0,1646.0,1522.0
5830718898,2556,2531,2418,2375.0,2480.0,2385.0,2486.0,2499.0,2596.0,2604.0
3644328449,2255,2264,2154,2036.0,2133.0,2148.0,2234.0,2244.0,2209.0,2169.0
2203547926,2577,2582,2587,2447.0,2340.0,2378.0,2459.0,2552.0,2630.0,2617.0
8854430143,2555,2536,2371,2288.0,2193.0,2193.0,2133.0,2162.0,2115.0,2099.0
9934183936,2190,2229,1967,1973.0,1978.0,1925.0,1927.0,1914.0,1950.0,1953.0
5306242753,2113,1973,1917,1984.0,1881.0,1724.0,1862.0,1908.0,1943.0,1986.0
4645810370,2143,2086,2108,2061.0,2096.0,2091.0,2084.0,2088.0,2063.0,2082.0
6486006856,2599,2522,2508,2385.0,2362.0,2307.0,2273.0,2222.0,2236.0,2050.0
8955385220,2460,2385,2344,2205.0,2015.0,1991.0,2066.0,2120.0,2034.0,1725.0
3160302959,2121,2037,2015,1955.0,1955.0,1875.0,1729.0,1781.0,1696.0,1728.0
7273437386,2633,2662,2606,2566.0,2540.0,2477.0,2594.0,2610.0,2618.0,2645.0
4145438886,2123,2078,2010,2052.0,1935.0,1937.0,1873.0,1886.0,1941.0,1827.0
4059278742,1986,1979,1943,1888.0,1870.0,1861.0,1864.0,1798.0,1775.0,1810.0
7739739882,2154,2159,2052,1959.0,1984.0,1970.0,1968.0,1921.0,2012.0,1950.0
1045791625,2494,2493,2497,2529.0,2594.0,2460.0,2506.0,2417.0,2499.0,2552.0
9127397651,2348,2371,2431,2483.0,2382.0,2374.0,2461.0,2468.0,2405.0,2349.0
5746373217,2183,2135,2027,1941.0,2027.0,1950.0,2058.0,2119.0,2109.0,2062.0
8254300564,2265,2226,2212,2166.0,2184.0,2121.0,2211.0,2187.0,2276.0,2190.0
2038877289,2111,2026,1979,1852.0,1744.0,1660.0,1597.0,1500.0,1423.0,1512.0
8467018355,1981,2064,2052,1977.0,1992.0,2082.0,1961.0,1939.0,2020.0,1970.0
3107625779,2128,2060,2079,2159.0,2144.0,2131.0,2069.0,2043.0,2028.0,2000.0
3217410907,2418,2346,2217,2182.0,2274.0,2159.0,2168.0,2161.0,2221.0,2211.0
5848735147,2010,1887,1705,1475.0,1202.0,745.0,,,,
2738836851,2185,2164,2013,1941.0,1993.0,1936.0,2000.0,2042.0,2036.0,1936.0
4120756810,2502,2418,2364,2333.0,2459.0,2391.0,2341.0,2259.0,2204.0,2073.0
7583044338,2216,2037,1991,1894.0,1973.0,2060.0,2044.0,2135.0,2193.0,2169.0
3914439542,2063,2008,1985,1982.0,1982.0,2016.0,1934.0,1904.0,1985.0,1898.0
5438228073,2443,2314,2096,1642.0,1220.0,660.0,,,,
3515548708,2935,2897,2871,2764.0,2614.0,2571.0,2504.0,2437.0,2407.0,2430.0
4713144492,2147,1963,1813,1797.0,1721.0,1785.0,1792.0,1748.0,1739.0,1772.0
5091489011,2187,2230,2263,2211.0,2230.0,2212.0,2220.0,2282.0,2278.0,2318.0
7400068984,2103,2061,2125,2084.0,2079.0,2146.0,2218.0,2075.0,2169.0,2102.0
3715592585,2111,2130,2183,2211.0,2138.0,2218.0,2183.0,2330.0,2255.0,2262.0
5781236672,1257,1187,1155,1121.0,1190.0,1153.0,1112.0,1080.0,1089.0,1042.0
6397741793,2120,2206,2147,2234.0,2294.0,2090.0,2089.0,2072.0,2085.0,2114.0
8332225684,2114,2132,2094,2063.0,1960.0,1947.0,1987.0,1822.0,1716.0,1454.0
3268768562,2097,2097,2174,2263.0,2345.0,2191.0,2227.0,2090.0,2122.0,2186.0
7993325162,2102,1981,2026,2001.0,1972.0,1902.0,1798.0,1860.0,1802.0,1825.0
4581814258,2215,2162,2157,2152.0,2116.0,2059.0,2140.0,2022.0,1922.0,2063.0
8091676417,2461,2356,2286,2265.0,2328.0,2177.0,2138.0,2086.0,1994.0,1992.0
2303503385,2052,2002,2024,2037.0,2105.0,2118.0,2034.0,1931.0,1799.0,1626.0
4192062572,2091,2174,2201,2161.0,2174.0,2269.0,2244.0,2336.0,2246.0,2346.0
5486469395,2070,1998,2038,2040.0,2051.0,2164.0,2123.0,2156.0,2065.0,2013.0
2340833364,2456,2449,2499,2354.0,2395.0,2381.0,2316.0,2316.0,2364.0,2313.0
9116071188,2267,2351,2354,2413.0,2251.0,2310.0,2424.0,2451.0,2386.0,2401.0
6108802928,2130,2049,1876,1881.0,1925.0,2013.0,2045.0,1904.0,1905.0,1878.0
5500775076,2486,2591,2591,2605.0,2574.0,2559.0,2630.0,2624.0,2597.0,2487.0
6912473399,2162,2172,2146,2140.0,2077.0,2045.0,2115.0,2061.0,2037.0,2055.0
2610341101,2355,2494,2366,2332.0,2055.0,1789.0,1644.0,1332.0,768.0,
9100979934,2172,2180,2171,2079.0,2072.0,2081.0,2009.0,2007.0,1962.0,1923.0
8045623301,2190,2237,2143,2218.0,2175.0,2205.0,2092.0,2127.0,2181.0,2251.0
5940751749,2264,2268,2210,2264.0,2328.0,2159.0,2016.0,1773.0,1523.0,999.0
2773347207,2023,2009,1967,1927.0,1974.0,1980.0,1933.0,1820.0,1914.0,1761.0
2458251346,1998,1907,1751,1799.0,1745.0,1781.0,1768.0,1832.0,1712.0,1678.0
4561463066,2030,2099,2156,2064.0,2155.0,2205.0,2205.0,2113.0,2095.0,2150.0
3471761593,2014,2010,1955,1961.0,1916.0,2044.0,1975.0,1953.0,1964.0,2044.0
2819279527,2148,2029,2093,1979.0,2022.0,1858.0,1912.0,1942.0,1889.0,1959.0
1876329314,2128,2070,1853,1728.0,1419.0,1118.0,1155.0,1256.0,1403.0,1564.0
4299995761,2267,2064,1902,1923.0,1672.0,1895.0,1932.0,2043.0,1681.0,1359.0
9130380919,2108,2188,1993,1774.0,1585.0,,,,,
8001683089,2036,1991,2020,1930.0,1838.0,1886.0,1952.0,1851.0,1887.0,1985.0
8474784285,2106,2070,1997,1966.0,1966.0,1854.0,1929.0,1937.0,1973.0,2014.0
8674960476,2781,2751,2787,2733.0,2762.0,2714.0,2654.0,2641.0,2537.0,2577.0
6318887711,2577,2640,2585,2627.0,2514.0,2532.0,2576.0,2567.0,2475.0,2465.0
1896167262,2272,2234,2231,2185.0,2117.0,2014.0,1935.0,2102.0,2116.0,2134.0
1106450952,2098,2095,2071,2002.0,2082.0,2012.0,2093.0,2011.0,2046.0,1909.0
4139789901,2525,2459,2316,2318.0,2378.0,2365.0,2239.0,2285.0,2287.0,2280.0
2952231284,2220,2181,2132,2002.0,1803.0,1623.0,1503.0,1217.0,741.0,
7093018308,2120,2027,2019,2100.0,2107.0,2176.0,2173.0,2141.0,2042.0,1976.0
7159404601,2120,2153,2109,2142.0,2048.0,1966.0,2011.0,2086.0,1993.0,1912.0
8406175131,2109,2059,1995,1870.0,2018.0,1903.0,1754.0,1731.0,1742.0,1974.0
9473337348,2210,2146,2140,2158.0,2070.0,2025.0,2001.0,1959.0,1903.0,1935.0
1421769898,2340,2348,2148,1896.0,1554.0,1280.0,775.0,,,
5481486117,2012,2005,1967,1863.0,1894.0,1894.0,1830.0,1842.0,1912.0,1814.0
2889275153,2107,2079,2025,2067.0,2099.0,2092.0,1951.0,1852.0,1817.0,1752.0
4352066495,2197,2080,2047,1997.0,1969.0,1987.0,2003.0,1946.0,1979.0,1986.0
5895155767,2224,2338,2261,2189.0,2217.0,2219.0,2189.0,2123.0,2159.0,2135.0
1911155043,2380,2341,2461,2480.0,2357.0,2398.0,2435.0,2433.0,2413.0,2390.0
4982047322,2018,1975,2048,2136.0,2081.0,1855.0,2057.0,1900.0,1329.0,563.0
5449210865,2169,2165,2160,2195.0,2151.0,2144.0,2205.0,2140.0,2075.0,2099.0
4144291762,2259,2243,2270,2305.0,2372.0,2352.0,2252.0,2209.0,2097.0,2074.0
2705232364,2152,2160,2143,2118.0,2137.0,2076.0,2020.0,1908.0,1705.0,1700.0
9232990385,2100,2113,2072,1882.0,1653.0,1394.0,1477.0,1565.0,1489.0,1525.0
5566631653,2728,2701,2677,2561.0,2398.0,2242.0,2261.0,2214.0,2158.0,2067.0
4950696520,2677,2674,2603,2658.0,2608.0,2646.0,2686.0,2667.0,2591.0,2579.0
3659485782,2009,1952,1985,1961.0,1991.0,1852.0,1773.0,1722.0,1736.0,1696.0
9910894974,1976,1986,2003,2004.0,2028.0,2049.0,1957.0,1990.0,1983.0,2028.0
4864873267,2082,2007,1991,1668.0,1478.0,1093.0,577.0,,,
2653579602,1990,1860,1872,1798.0,1847.0,1826.0,1906.0,1874.0,1824.0,1885.0
4482031040,2118,2096,1883,1889.0,1938.0,1861.0,1645.0,1821.0,1853.0,1664.0
6541565719,2056,2074,2097,2045.0,2052.0,1991.0,1973.0,1963.0,1878.0,1894.0
4716919420,1029,1001,1001,991.0,925.0,933.0,979.0,1007.0,966.0,897.0
8587786476,2192,2136,1878,1615.0,1148.0,572.0,,,,
6102948584,2871,2786,2694,2476.0,2320.0,2119.0,1946.0,1733.0,1388.0,752.0
5651387782,2069,2009,1959,1926.0,1953.0,1742.0,1514.0,1245.0,986.0,525.0
3770334067,2210,2301,2359,2306.0,2201.0,2213.0,2196.0,2264.0,2231.0,2191.0
4282124480,2251,2245,2218,2185.0,1916.0,1686.0,1165.0,678.0,,
5378985628,2116,2000,1872,1845.0,1925.0,1896.0,1906.0,1882.0,1930.0,1898.0
8619704073,2387,2261,2335,2401.0,2287.0,2214.0,2307.0,2411.0,2388.0,2266.0
9471789596,2140,2104,2239,2195.0,2163.0,2117.0,2125.0,2109.0,2051.0,1919.0
8599698007,1991,1999,2002,2025.0,1990.0,1898.0,1967.0,2004.0,1988.0,2031.0
2898587386,2295,2260,2260,2317.0,2262.0,2192.0,2223.0,2230.0,2197.0,2292.0
2530509646,2493,2573,2619,2699.0,2780.0,2706.0,2653.0,2657.0,2741.0,2866.0
6847829492,2378,2223,2106,2098.0,2125.0,2199.0,2127.0,2113.0,1933.0,2076.0
9288131280,1981,1935,1892,1915.0,1868.0,1828.0,1987.0,1963.0,1935.0,1943.0
6264768286,2361,2275,2250,2192.0,2122.0,1923.0,2039.0,1839.0,1740.0,1575.0
8969051974,3076,2994,2853,2898.0,2867.0,2863.0,2962.0,2937.0,2984.0,2958.0
5204590592,2131,1909,1818,1865.0,1860.0,1801.0,1746.0,1527.0,1511.0,
4055302905,2014,2040,2016,1905.0,1870.0,1876.0,1970.0,1907.0,1934.0,2005.0
7543028666,2477,2419,2383,2266.0,2343.0,2289.0,2253.0,2319.0,2272.0,2271.0
1434978705,2012,1932,1951,2037.0,2019.0,1971.0,1949.0,1909.0,1789.0,1521.0
7996526847,2235,2058,2063,1977.0,1960.0,1969.0,2014.0,2045.0,2117.0,2039.0
9995994432,2138,2025,2020,2069.0,2056.0,2017.0,2086.0,2054.0,2067.0,2160.0
4543797240,2158,2212,2137,2097.0,2088.0,2004.0,2042.0,2114.0,2055.0,1933.0
5214607327,2125,1994,1899,1879.0,1899.0,1992.0,2055.0,1875.0,1831.0,1963.0
3505796571,2114,1994,1819,1603.0,1185.0,709.0,,,,
3942625055,1986,1994,1945,1905.0,1848.0,1861.0,1781.0,1615.0,1485.0,1188.0
9937599782,1983,1837,1995,2072.0,2108.0,2165.0,2118.0,2126.0,1819.0,1273.0
7578804858,1992,1975,2006,2051.0,1944.0,1994.0,2017.0,1979.0,2066.0,1882.0
8262987230,2696,2565,2282,1899.0,1360.0,895.0,,,,
6204054730,2130,2096,2070,2026.0,2004.0,1995.0,1929.0,1903.0,1924.0,1978.0
3495789347,2321,2508,2465,2414.0,2453.0,2348.0,2150.0,2211.0,2147.0,2123.0
1315832305,2117,2134,1936,1914.0,1993.0,2095.0,2130.0,1940.0,1923.0,1988.0
6150604137,2061,1889,1876,1932.0,1947.0,1948.0,2099.0,1953.0,1897.0,1910.0
5472128302,2135,2141,2180,2127.0,2155.0,2108.0,2164.0,2061.0,2071.0,1983.0
1072463194,2007,1985,1997,2035.0,2042.0,2082.0,2078.0,2038.0,2050.0,2004.0
7804131703,2022,2057,2107,2080.0,2054.0,2109.0,2041.0,1992.0,2029.0,1990.0
6309762085,1978,1939,2040,1955.0,1912.0,1847.0,1710.0,1739.0,1857.0,1893.0
1999646307,1997,1983,1978,1962.0,1862.0,1796.0,1763.0,1743.0,1747.0,1764.0
5920602871,2175,1931,1918,1844.0,1752.0,1727.0,1736.0,1759.0,1868.0,1816.0
4556183727,2116,2068,2043,2041.0,2037.0,2003.0,1982.0,1896.0,1856.0,1824.0
1685264041,2090,1988,1949,2009.0,2047.0,1943.0,1888.0,1951.0,1869.0,1878.0
1282895706,2116,2170,2127,2157.0,2136.0,2172.0,2130.0,2030.0,1965.0,1926.0
1243319382,2150,2096,2089,2110.0,2102.0,1969.0,1981.0,1825.0,1754.0,1710.0
6349092182,2265,2210,2209,2196.0,2207.0,2162.0,2225.0,2225.0,2280.0,2241.0
3711616593,2009,1985,1936,1886.0,1927.0,1791.0,1755.0,1947.0,1943.0,1996.0
1094931857,2852,2819,2746,2658.0,2433.0,2414.0,2449.0,2233.0,2297.0,2250.0
7212167961,2190,2249,2258,2350.0,2338.0,2414.0,2412.0,2439.0,2313.0,2302.0
4283620427,2102,2085,2020,2015.0,1971.0,1871.0,1817.0,1805.0,1792.0,1832.0
3628203182,1981,1994,1995,2002.0,1931.0,1916.0,1905.0,2049.0,2106.0,2037.0
5833047740,2215,2295,2306,2232.0,1918.0,1792.0,1648.0,1597.0,,
8779445013,2107,2067,1971,1984.0,1857.0,1759.0,1748.0,1900.0,1704.0,1549.0
9097763482,2003,2035,2024,1967.0,1828.0,1836.0,1757.0,1373.0,1020.0,639.0
4923228082,2139,2124,2067,2064.0,2035.0,1940.0,1932.0,1917.0,1985.0,1881.0
6986478233,2632,2582,2645,2628.0,2617.0,2560.0,2616.0,2688.0,2890.0,2901.0
9754701416,2085,1995,1940,1978.0,1879.0,1908.0,1806.0,1921.0,1811.0,1780.0
5745287250,2180,2088,1869,1643.0,1342.0,1091.0,1191.0,1313.0,1433.0,1128.0
8873617354,2095,2084,1973,2013.0,1982.0,1963.0,1921.0,2013.0,2039.0,2017.0
9912985105,2011,2014,2100,1984.0,2059.0,2008.0,2049.0,1881.0,1996.0,1935.0
2582585982,2457,2392,2350,2283.0,2299.0,2311.0,2275.0,2198.0,2087.0,2114.0
7789176615,2573,2546,2605,2306.0,2294.0,2350.0,2404.0,2422.0,2342.0,2290.0
7196210543,1979,1949,2028,2330.0,2293.0,2081.0,1866.0,1815.0,1475.0,1483.0
8950366208,2099,2089,2090,2078.0,2018.0,1923.0,1877.0,1920.0,1893.0,1927.0
9682642400,2129,2184,2143,1867.0,1452.0,1048.0,538.0,,,
4840742111,2008,2062,1955,1976.0,2032.0,2088.0,2127.0,2080.0,2017.0,2021.0
5509407315,2340,2279,2303,2290.0,2360.0,2252.0,2140.0,2092.0,2127.0,2016.0
4078986195,2285,2248,2071,2074.0,2103.0,2186.0,2200.0,2238.0,2259.0,2126.0
8645744385,2116,2008,2073,2191.0,2229.0,2271.0,2266.0,2359.0,2249.0,2198.0
9682110823,2308,2344,2165,2235.0,2310.0,2399.0,2316.0,2234.0,2275.0,2254.0
5814622601,2054,1983,1894,2016.0,1916.0,2007.0,1946.0,1945.0,2070.0,2144.0
4800282319,2091,1889,1951,1700.0,1560.0,1446.0,1039.0,474.0,,
2825364164,2088,2103,1985,1944.0,1736.0,,,,,
5223307594,2004,1873,1889,2047.0,2066.0,1996.0,1945.0,1996.0,1996.0,1991.0
2143994283,2071,2061,2014,1913.0,1947.0,1963.0,1823.0,1801.0,1806.0,1752.0
7910992330,2046,2013,1895,1846.0,1955.0,1560.0,1142.0,664.0,,
7429773644,2737,2574,2543,2517.0,2437.0,2533.0,2514.0,2471.0,2464.0,2433.0
6911784138,2515,2432,2487,2253.0,2027.0,1729.0,,,,
8227744859,2100,2135,2126,2155.0,2117.0,2130.0,2086.0,1996.0,2002.0,1988.0
2231802429,2139,2154,2163,2154.0,2073.0,2093.0,1998.0,1968.0,1971.0,2060.0
5937834650,1997,2031,1923,1875.0,2009.0,1981.0,1996.0,1969.0,2045.0,1989.0
3967404256,2215,2172,2134,2048.0,2061.0,2041.0,2092.0,2120.0,2097.0,2060.0
7121030476,2430,2509,2595,2608.0,2567.0,2605.0,2468.0,2450.0,2418.0,2306.0
5898275374,2598,2502,2497,2435.0,2433.0,2479.0,2564.0,2545.0,2605.0,2624.0
7188113205,2133,2090,2148,2084.0,2044.0,2100.0,2106.0,2202.0,2123.0,1929.0
9766167944,2255,2299,2295,2248.0,2318.0,2360.0,2185.0,2220.0,2317.0,2319.0
3224563567,2228,2115,2052,2099.0,1957.0,1870.0,1741.0,1699.0,1372.0,1268.0
1488870977,2144,2070,2146,2090.0,2113.0,2125.0,2182.0,2077.0,2152.0,2257.0
9058204345,2130,2233,2231,2166.0,2121.0,2220.0,2087.0,2078.0,2127.0,2208.0
4468331870,2080,2026,1898,1988.0,1937.0,1903.0,1985.0,1978.0,2044.0,2068.0
5452306115,2090,1932,2162,2175.0,2125.0,2171.0,1972.0,1629.0,1385.0,1103.0
9681545096,2463,2337,2122,1872.0,1548.0,1159.0,495.0,,,
1747131862,2242,2005,2041,2029.0,1851.0,1756.0,1746.0,1643.0,1712.0,1507.0
4822885682,2151,2085,2139,2076.0,2086.0,2157.0,2151.0,2140.0,2206.0,2072.0
7017142042,2142,2061,2068,1969.0,1908.0,1891.0,1805.0,1794.0,1877.0,1773.0
4489085746,2011,1906,1893,1854.0,1891.0,1825.0,1799.0,1834.0,1869.0,1853.0
7857424900,2904,2881,2975,2846.0,2759.0,2725.0,2691.0,2556.0,2471.0,2502.0
5413131043,2228,2218,2166,1965.0,2004.0,2059.0,2079.0,2074.0,1939.0,1897.0
6287820322,2413,2422,2260,2257.0,2222.0,2176.0,2182.0,2082.0,2029.0,2103.0
7109661649,2152,2098,2047,2090.0,2106.0,2124.0,2114.0,2169.0,2149.0,2177.0
5004416079,2123,2187,2150,2158.0,2176.0,2190.0,2142.0,2075.0,2034.0,1929.0
3413820502,2671,2784,2764,2730.0,2778.0,2824.0,2774.0,2882.0,2902.0,2886.0
2306325098,1357,1440,1430,1411.0,1362.0,1335.0,1357.0,1337.0,1302.0,1293.0
3680457777,1988,1864,1816,1642.0,1527.0,1224.0,1182.0,948.0,516.0,
9820803469,2138,2084,2036,2039.0,1948.0,1887.0,1759.0,1917.0,1792.0,1906.0
1211685799,2008,2023,1921,2005.0,1944.0,2003.0,2047.0,2083.0,2052.0,1993.0
9423467153,2079,2009,1997,1921.0,1885.0,1805.0,1813.0,1824.0,1750.0,1741.0
9020054877,2115,2103,2175,2005.0,1713.0,1384.0,678.0,,,
7963549354,2080,1974,2175,2082.0,2123.0,2134.0,2134.0,2189.0,2159.0,2210.0
5720746961,1987,2031,2057,1986.0,1936.0,1934.0,1917.0,1970.0,2084.0,2101.0
9236646572,2106,2042,2068,2047.0,2077.0,2119.0,2171.0,2014.0,1993.0,1949.0
8931151342,2131,1867,1552,1225.0,730.0,,,,,
1270991583,2148,2076,2181,1964.0,1961.0,1852.0,1657.0,1757.0,1611.0,1635.0
3434798283,2137,2051,1976,2048.0,2041.0,1995.0,1923.0,1863.0,1772.0,1736.0
2261330784,2398,2371,2436,2303.0,2345.0,2294.0,2186.0,2240.0,2173.0,2269.0
7083480975,1987,1867,1854,1940.0,1821.0,1700.0,1510.0,1221.0,636.0,
5294830141,1991,1789,1738,1820.0,1773.0,1742.0,1841.0,1889.0,1844.0,1781.0
3814780223,2143,1971,1653,1744.0,1685.0,1819.0,2015.0,2104.0,2108.0,2078.0
7823322542,2175,2113,2217,2183.0,2156.0,2183.0,2120.0,2072.0,2046.0,2112.0
6309982432,2089,2185,2096,2033.0,1894.0,1742.0,1405.0,827.0,,
5454867391,2034,2016,1873,1892.0,1863.0,1825.0,2012.0,2164.0,2125.0,2208.0
6384657895,2350,2453,2408,2418.0,2460.0,2447.0,2336.0,2268.0,2213.0,2130.0
4160825038,2033,1805,1581,1224.0,1341.0,1176.0,1149.0,1120.0,1019.0,1026.0
9647524546,2183,2135,1983,1927.0,1921.0,1886.0,1824.0,1818.0,1714.0,1840.0
7987688791,2285,2367,2303,2344.0,2291.0,2322.0,2277.0,2315.0,2299.0,2259.0
8107936998,2936,2860,2889,2885.0,2861.0,2769.0,2760.0,2761.0,2730.0,2666.0
6013674882,2097,2112,2110,2182.0,2246.0,2246.0,2231.0,2236.0,2197.0,2188.0
4621866312,2074,2069,2054,2094.0,1962.0,1811.0,1805.0,1798.0,1895.0,1997.0
5401059165,2108,2058,1933,1964.0,1855.0,1876.0,1912.0,1905.0,1779.0,1634.0
3649290560,2148,1902,1566,1253.0,755.0,,,,,
6351100315,2109,2141,2151,2104.0,2087.0,1972.0,1986.0,1919.0,1982.0,2055.0
2626381396,2039,2251,2240,2264.0,2271.0,2215.0,2276.0,2242.0,2168.0,2199.0
9439514084,2122,2162,2209,2129.0,2074.0,2091.0,2098.0,2130.0,2171.0,2097.0
5838225377,1991,1599,1214,801.0,,,,,,
1398224630,2164,2077,2094,2217.0,2248.0,2092.0,2114.0,2095.0,2051.0,2032.0
1893832495,2011,2092,2010,1887.0,1871.0,1862.0,1794.0,1833.0,1856.0,1971.0
3034533522,2495,2373,2461,2457.0,2462.0,2368.0,2446.0,2350.0,2268.0,2309.0
3403493249,1983,1915,1959,2019.0,1881.0,1784.0,1822.0,1864.0,1853.0,1866.0
4180244884,2104,2045,2013,1904.0,1823.0,1848.0,1871.0,1782.0,1818.0,1885.0
8302094076,2272,1966,1550,1314.0,643.0,,,,,
2079695146,2279,2386,2411,2462.0,2497.0,2411.0,2341.0,2602.0,2601.0,2540.0
4072030900,2296,2232,2054,2049.0,2003.0,1851.0,1663.0,1457.0,1121.0,606.0
5774088786,2313,2258,2229,2189.0,2029.0,2113.0,2058.0,2142.0,2176.0,2137.0
6121253297,2479,2498,2405,2444.0,2468.0,2530.0,2505.0,2446.0,2539.0,2474.0
3845873994,2209,2060,2020,2008.0,2098.0,2159.0,2160.0,2168.0,2037.0,2094.0
8269575466,2303,2501,2409,2550.0,2646.0,2626.0,2637.0,2653.0,2675.0,2503.0
8299728275,2284,2171,2137,2162.0,2188.0,2209.0,2137.0,2142.0,2192.0,2249.0
2002706218,2495,2558,2585,2509.0,2502.0,2433.0,2528.0,2572.0,2609.0,2621.0
3857207362,2548,2540,2551,2586.0,2486.0,2411.0,2416.0,2384.0,2396.0,2446.0
1827545290,2153,2188,2169,2164.0,2127.0,2181.0,2063.0,2038.0,1995.0,2023.0
4180594447,2134,2071,2038,1963.0,1798.0,1794.0,1749.0,1790.0,1724.0,1636.0
9614411529,2023,1812,1406,1089.0,606.0,,,,,
3659082311,1977,1504,838,,,,,,,
6172819223,2153,2097,2156,2085.0,2008.0,1985.0,1958.0,1909.0,1876.0,1936.0
5097328283,2592,2551,2451,2426.0,2213.0,2236.0,2382.0,2385.0,2274.0,2257.0
9498864878,2123,2061,2003,1896.0,1603.0,1278.0,716.0,,,
4473553304,2267,2568,2636,2631.0,2656.0,2468.0,2376.0,2355.0,2466.0,2429.0
6213461389,2154,2030,1762,1286.0,787.0,,,,,
4307513758,2118,2078,1947,1767.0,1800.0,1797.0,1870.0,1835.0,1716.0,1551.0
4657512265,2075,2010,1852,1552.0,1068.0,621.0,,,,
2995398402,2327,2383,2369,2229.0,2254.0,2312.0,2373.0,2508.0,2484.0,2437.0
7245884921,2281,2207,2126,2096.0,2164.0,2177.0,2167.0,2159.0,2234.0,2229.0
1254605885,2030,2022,1939,1907.0,2080.0,1992.0,2016.0,1934.0,1868.0,1729.0
8186317297,2242,2238,2181,2012.0,1808.0,1466.0,1189.0,601.0,,
6711646070,2030,2007,1975,1942.0,1910.0,1971.0,2007.0,1887.0,1871.0,1890.0
4239554190,2147,2170,2278,2321.0,2307.0,2273.0,2154.0,2135.0,2113.0,2025.0
2895010293,2154,2048,2094,2026.0,1996.0,2101.0,1967.0,1939.0,2007.0,2008.0
3143927301,2078,2055,2115,2047.0,2024.0,2010.0,1953.0,1936.0,2042.0,2045.0
1674480276,2353,2328,2288,2193.0,1990.0,1754.0,1300.0,744.0,,
9432448804,2524,2517,2527,2575.0,2505.0,2509.0,2416.0,2392.0,2378.0,2361.0
7878475614,2204,2305,2211,2274.0,2241.0,2242.0,2217.0,2145.0,2040.0,2128.0
8623195992,2390,2228,2190,2180.0,2256.0,2068.0,2051.0,1811.0,1727.0,1797.0
4932093552,2237,2119,2014,1965.0,1950.0,1985.0,2070.0,1992.0,1925.0,1866.0
8306999925,2093,2085,2172,2184.0,2193.0,2277.0,2285.0,2255.0,2190.0,2170.0
6151933354,2155,2161,2106,2199.0,2194.0,2061.0,2032.0,2087.0,1948.0,1945.0
2723413501,2485,2432,2304,2195.0,2212.0,2208.0,2199.0,2271.0,2340.0,2285.0
8713384026,3094,3045,3026,2960.0,2850.0,3018.0,2975.0,2938.0,2984.0,3132.0
8399095705,2061,1981,1839,1574.0,,,,,,
9063304343,2310,2106,2104,2199.0,2126.0,2118.0,2061.0,2207.0,2073.0,1986.0
2414589524,2060,2101,2048,2143.0,2205.0,2039.0,2101.0,1811.0,1714.0,1655.0
5868272975,2114,2012,2130,1966.0,1775.0,1302.0,738.0,,,
7895308412,2195,2097,2041,1980.0,1848.0,1791.0,1540.0,1414.0,1181.0,741.0
6507816177,2148,1945,1923,1995.0,1964.0,1990.0,1948.0,1905.0,1944.0,1761.0
1221893734,2068,2182,2088,1970.0,1931.0,2008.0,1877.0,1888.0,1862.0,1904.0
6707987822,2027,1719,1658,1510.0,1487.0,1466.0,1455.0,1359.0,1393.0,1304.0
8444076399,2181,2187,2146,2105.0,2079.0,2074.0,1974.0,1925.0,1871.0,1855.0
3681056997,2398,2319,2190,2271.0,2255.0,2169.0,1961.0,1986.0,1917.0,1734.0
3366243918,1993,1968,1905,1823.0,1838.0,1797.0,1808.0,1696.0,1687.0,1697.0
1010142703,2191,2147,2148,2084.0,2010.0,1890.0,1911.0,1870.0,1893.0,1865.0
9448787201,2178,1953,1758,1503.0,,,,,,
7239860861,2119,2147,2202,2210.0,2281.0,2151.0,2065.0,1953.0,1831.0,1862.0
1577290384,3060,2980,3084,2882.0,2836.0,2888.0,2876.0,2920.0,2796.0,2879.0
4581057307,2130,1931,1458,975.0,,,,,,
1534384329,2085,2119,2138,2122.0,2190.0,2052.0,2140.0,2153.0,2110.0,2041.0
8503518608,2969,3018,3024,3003.0,3097.0,3204.0,3042.0,3078.0,2922.0,3024.0
6542550458,2328,2277,2260,2182.0,2220.0,2228.0,2265.0,2222.0,2184.0,2141.0
7412771321,1993,1936,1944,1916.0,1817.0,1902.0,1814.0,1818.0,1898.0,1868.0
9972257478,2651,2748,2676,2603.0,2616.0,2565.0,2553.0,2624.0,2552.0,2533.0
7577109927,2782,2652,2551,2540.0,2445.0,2504.0,2654.0,2697.0,2646.0,2508.0
6576268972,2373,2268,2219,2147.0,2003.0,1749.0,1325.0,805.0,,
8014620376,2206,2077,1996,2081.0,2128.0,2175.0,2134.0,2096.0,2125.0,2082.0
6357509118,2143,1993,1865,1666.0,1262.0,877.0,,,,
3584992574,2168,2284,2325,2278.0,2265.0,2308.0,2275.0,2243.0,2200.0,2173.0
7205690476,2656,2623,2620,2526.0,2600.0,2655.0,2611.0,2526.0,2563.0,2510.0
7301532644,2278,2031,1559,885.0,,,,,,
8379052933,2177,2044,2198,2159.0,2158.0,1992.0,2053.0,2060.0,2117.0,1987.0
8185324466,2236,2178,2179,2105.0,2039.0,2010.0,2081.0,2050.0,1996.0,1924.0
1139194040,2257,2034,2086,2170.0,2182.0,2043.0,2154.0,2076.0,2148.0,2077.0
8630323225,2040,1943,1778,1658.0,1683.0,1820.0,1756.0,1802.0,1756.0,1873.0
5897712820,1991,2007,1840,1733.0,1773.0,1820.0,1732.0,1474.0,1247.0,885.0
5931877303,2279,2321,2247,2301.0,2264.0,2276.0,2248.0,2287.0,2209.0,2103.0
4066652272,1978,1794,1780,1788.0,1695.0,1663.0,1607.0,1327.0,957.0,502.0
5677557822,2244,1892,1495,880.0,,,,,,
3488988905,2219,2146,2138,2117.0,2157.0,2107.0,2174.0,2122.0,2179.0,2195.0
1393414372,2311,2367,2365,2348.0,2297.0,2315.0,2337.0,2285.0,2255.0,2181.0
3162149203,2112,2143,2135,2169.0,2089.0,2041.0,1984.0,2070.0,2006.0,1992.0
3044450285,2161,2090,2063,2057.0,1894.0,1782.0,1688.0,1866.0,1977.0,1956.0
9917278267,2314,2418,2394,2168.0,2226.0,2063.0,2143.0,2183.0,2298.0,2286.0
2555994777,2125,2157,2213,2284.0,2367.0,2381.0,2401.0,2383.0,2282.0,2152.0
5897767028,2124,2050,1943,1916.0,1831.0,1828.0,1672.0,1631.0,1550.0,1603.0
6907386644,2478,2433,2462,2384.0,2394.0,2463.0,2387.0,2394.0,2254.0,2297.0
6176899200,2280,2346,2241,2266.0,2303.0,2229.0,2113.0,2235.0,2190.0,2187.0
5873248744,2003,2086,2074,1989.0,2027.0,2054.0,2000.0,1958.0,1975.0,1889.0
6851891340,2113,2020,2077,2005.0,2011.0,2047.0,2046.0,1963.0,1973.0,2050.0
7116967401,2209,2225,2228,2239.0,2302.0,2375.0,2413.0,2363.0,2321.0,2377.0
9521097805,2301,2330,2326,2194.0,2180.0,2228.0,2169.0,2212.0,2096.0,2061.0
6209136855,1996,1824,1807,1791.0,1804.0,1667.0,1753.0,1813.0,1722.0,1792.0
1303054556,2041,1950,1766,1645.0,1869.0,1838.0,1648.0,1724.0,1609.0,1665.0
4678097544,1993,1949,1837,1848.0,1803.0,1843.0,1678.0,1669.0,1678.0,1585.0
4340424160,2121,2103,2148,2062.0,2142.0,2081.0,2035.0,1787.0,1547.0,1172.0
1233566396,2038,2050,2078,2097.0,2096.0,2104.0,2056.0,2063.0,2129.0,2134.0
9611495114,2145,2179,2088,2082.0,1992.0,1940.0,1978.0,1896.0,1853.0,1886.0
4654215697,3004,2976,2960,2843.0,2796.0,2827.0,2835.0,2886.0,2828.0,2838.0
8005483973,2350,2378,2401,2437.0,2362.0,2379.0,2163.0,2180.0,2235.0,2171.0
5977359925,2041,1794,1513,1076.0,570.0,,,,,
8751870001,1982,1910,1854,1899.0,1896.0,1927.0,1906.0,1786.0,1821.0,1943.0
1950641353,2082,2078,2052,1984.0,1955.0,1910.0,2025.0,2064.0,2084.0,2141.0
4283864254,2057,1844,1697,1666.0,1723.0,1719.0,1713.0,1709.0,1652.0,1625.0
9526100256,2229,2235,2173,2042.0,2075.0,1937.0,1943.0,1832.0,1608.0,1576.0
1705432786,2518,2656,2606,2571.0,2556.0,2334.0,2272.0,2288.0,2242.0,2282.0
4007354927,2281,2279,2363,2350.0,2387.0,2416.0,2300.0,2304.0,2292.0,2305.0
2169593320,2313,2153,2063,2132.0,1920.0,1967.0,1981.0,1928.0,2029.0,2000.0
3197431606,2022,2000,1834,1938.0,1879.0,1863.0,1920.0,1895.0,1935.0,1797.0
7416729599,2412,2341,2433,2365.0,2349.0,2304.0,2361.0,2390.0,2416.0,2352.0
3348364058,2207,2135,2048,1934.0,1753.0,1735.0,1696.0,1711.0,1717.0,1800.0
6383717450,2473,2330,2256,2339.0,2304.0,2245.0,2341.0,2150.0,2195.0,2174.0
2528582595,2116,2165,2247,2120.0,2223.0,2218.0,2210.0,1970.0,1874.0,2010.0
4316527424,2121,2084,2084,1998.0,1961.0,1977.0,1966.0,1920.0,2005.0,2118.0
4700158944,1976,1996,1990,1924.0,1930.0,1936.0,1989.0,1980.0,1927.0,1932.0
1745385885,2101,2025,2094,1938.0,1950.0,2018.0,1965.0,1915.0,1972.0,1966.0
4801935144,2056,2074,2077,1952.0,1848.0,1833.0,1916.0,1881.0,1930.0,1962.0
5132368420,2157,2006,2038,2120.0,2069.0,2206.0,2175.0,2060.0,2155.0,2151.0
6331462744,2174,2186,2162,2166.0,2205.0,2255.0,2184.0,2212.0,2161.0,2176.0
1845098241,2460,2622,2633,2671.0,2744.0,2731.0,2690.0,2782.0,2704.0,2623.0
3132933260,2436,2440,2507,2449.0,2448.0,2466.0,2441.0,2614.0,2661.0,2527.0
9625271670,2110,2058,1853,1766.0,1756.0,1797.0,1810.0,1870.0,1719.0,1661.0
4415471427,2219,2029,1619,1213.0,828.0,,,,,
8447400530,2600,2718,2781,2825.0,2782.0,2888.0,2860.0,2884.0,2917.0,2939.0
7091477471,2288,2248,2156,2162.0,2165.0,2222.0,2292.0,2276.0,2269.0,2065.0
1241692393,2137,2029,1831,1858.0,1856.0,1909.0,1985.0,1869.0,1750.0,1722.0
1605700931,1995,2039,1962,1889.0,2023.0,1932.0,1702.0,1792.0,1814.0,1878.0
2592697780,2475,2226,2086,2024.0,1986.0,2039.0,1941.0,1740.0,1648.0,1601.0
6402265513,2037,2030,2066,2000.0,2011.0,1829.0,1745.0,1711.0,1798.0,1872.0
2133946451,2116,2216,2119,2138.0,1948.0,2011.0,1990.0,2009.0,2028.0,1665.0
4130072590,2345,2272,2047,1826.0,1496.0,1316.0,765.0,,,
4758074108,1980,2001,1992,2007.0,1841.0,1800.0,1809.0,1751.0,1821.0,1988.0
3976376587,1993,1887,1852,1842.0,1848.0,1798.0,1768.0,1675.0,1579.0,1300.0
2255659421,2190,2094,1931,1779.0,1952.0,2030.0,1962.0,1879.0,1841.0,1959.0
2754349801,2520,2452,2458,2438.0,2521.0,2525.0,2484.0,2586.0,2669.0,2712.0
5696423157,2728,2599,2426,2506.0,2426.0,2477.0,2410.0,2491.0,2372.0,2215.0
3321076957,2044,2019,2023,1965.0,2009.0,2044.0,1886.0,1985.0,2047.0,2051.0
6749843804,2333,2296,2315,2270.0,2294.0,2257.0,2177.0,2229.0,2298.0,2244.0
6999378328,1980,2025,2004,2089.0,1989.0,2060.0,2065.0,2077.0,1949.0,1839.0
5669154704,2150,2169,2313,2226.0,2163.0,2155.0,2149.0,2002.0,1872.0,1817.0
3096114440,1995,1875,1955,1957.0,2001.0,2053.0,2017.0,2089.0,2096.0,2150.0
6058338974,2102,1990,2055,1990.0,2016.0,1946.0,1988.0,1883.0,1835.0,1793.0
3767456537,2000,2033,2094,2024.0,2008.0,1942.0,1988.0,2007.0,1905.0,1856.0
5317514627,2099,2052,1983,1871.0,1833.0,1929.0,1928.0,1903.0,1887.0,1842.0
8698403718,2223,2167,2003,1949.0,1922.0,1871.0,1802.0,1683.0,1589.0,1479.0
4162453168,2195,2020,1799,1463.0,1082.0,664.0,,,,
4161517302,2036,2057,1984,1905.0,1849.0,1729.0,1616.0,1676.0,1813.0,1834.0
4854956708,2014,1733,1447,1091.0,630.0,,,,,
6811564965,2034,2246,2128,2108.0,2086.0,2140.0,2060.0,1989.0,2180.0,2196.0
8216775047,2004,1916,1820,1786.0,1902.0,1922.0,1925.0,1914.0,1887.0,1952.0
7635735035,2477,2480,2496,2475.0,2487.0,2611.0,2576.0,2525.0,2541.0,2538.0
2308370740,2305,2314,2354,2096.0,1822.0,1322.0,810.0,,,
1808278097,2069,2090,2083,1980.0,2006.0,1984.0,1929.0,1914.0,1895.0,1859.0
5801033214,2528,2478,2464,2512.0,2458.0,2483.0,2514.0,2571.0,2445.0,2540.0
4335277986,2161,2163,2180,2229.0,2237.0,2301.0,2242.0,2296.0,2267.0,2304.0
3488837125,2139,2201,2232,2153.0,2119.0,1971.0,1986.0,2088.0,2107.0,2144.0
4491228001,2740,2634,2673,2548.0,2551.0,2503.0,2402.0,2418.0,2476.0,2477.0
3107578915,1990,1937,1825,1812.0,1804.0,1623.0,1739.0,1657.0,1698.0,1623.0
7768989368,2190,1946,1885,1786.0,1296.0,770.0,,,,
1928885298,2460,2346,2359,2394.0,2324.0,2269.0,2239.0,2358.0,2398.0,2276.0
1619655087,2676,2752,2786,2775.0,2725.0,2481.0,2430.0,2333.0,2335.0,2181.0
7415226424,2122,2111,2065,2071.0,1978.0,2003.0,2016.0,2016.0,1917.0,1928.0
4331043628,2156,2038,2071,2011.0,2108.0,2106.0,2151.0,2056.0,2070.0,2028.0
8740061484,2406,2370,2338,2332.0,2320.0,2348.0,2341.0,2328.0,2306.0,2271.0
7225186753,2104,2044,2039,1970.0,2027.0,1887.0,1906.0,2035.0,2074.0,1995.0
9850324534,2121,2080,2033,1933.0,1955.0,2010.0,1865.0,1892.0,1893.0,1990.0
2103898350,2354,2311,2249,2172.0,2193.0,2225.0,2229.0,2168.0,2102.0,2167.0
5249571213,2235,2169,2072,2044.0,1808.0,1480.0,928.0,,,
4287275932,2117,2124,2072,1979.0,2011.0,2016.0,2030.0,1979.0,1990.0,1968.0
5350983560,1991,1986,2021,1983.0,1963.0,1848.0,1569.0,,,
5835499148,2616,2666,2693,2693.0,2854.0,2689.0,2698.0,2666.0,2735.0,2735.0
2514953341,2047,2013,2103,2028.0,2038.0,1894.0,1810.0,1693.0,1653.0,
3880853742,2009,1972,1860,1868.0,1897.0,1915.0,1615.0,1506.0,1272.0,884.0
2865896685,1999,2049,2062,2083.0,2087.0,2035.0,2110.0,2172.0,2112.0,2185.0
2864515723,2129,2056,2090,2109.0,2116.0,1972.0,2085.0,2148.0,2168.0,2148.0
6555671369,2243,2185,2146,2146.0,2086.0,2037.0,1971.0,1920.0,1915.0,1947.0
9271052327,2007,2103,2165,2063.0,2096.0,2044.0,1983.0,1796.0,1801.0,1800.0
6813880545,2198,2151,2184,2089.0,2050.0,2011.0,2088.0,2142.0,2038.0,1972.0
8917389806,2258,2220,2067,2106.0,2141.0,1929.0,1800.0,1584.0,1298.0,697.0
7448385137,2289,2224,2280,2290.0,2322.0,2391.0,2400.0,2400.0,2343.0,2288.0
5457928083,2299,2155,2148,2026.0,1956.0,2068.0,2002.0,1921.0,1905.0,1982.0
7903616110,2259,2048,2016,2098.0,2076.0,2081.0,2264.0,2294.0,2199.0,2112.0
5028544527,2691,2578,2626,2606.0,2610.0,2613.0,2612.0,2631.0,2751.0,2620.0
5276451737,2073,2039,1986,1971.0,1982.0,1918.0,1979.0,1934.0,1859.0,1748.0
5079358786,2282,2289,2350,2302.0,2296.0,2238.0,2222.0,2048.0,2008.0,1863.0
9540414092,2327,2377,2105,2030.0,1812.0,1941.0,1796.0,1828.0,1804.0,1674.0
2351192737,2353,2319,2267,2255.0,2174.0,2275.0,2306.0,2353.0,2280.0,2188.0
3212701241,2292,2075,1762,1723.0,1488.0,1341.0,1035.0,871.0,738.0,463.0
6013854919,2335,2309,2325,2305.0,2290.0,2200.0,2286.0,2125.0,2155.0,2095.0
4028460875,2112,2067,1971,1949.0,1912.0,1925.0,1924.0,1889.0,1822.0,1981.0
9751019344,2231,2173,2210,2151.0,2084.0,2105.0,2143.0,2186.0,2234.0,2139.0
3463468772,1983,2165,2100,2153.0,2079.0,2038.0,1987.0,2047.0,2103.0,2158.0
3723824053,2118,2199,2070,1924.0,1909.0,1782.0,1761.0,1650.0,1480.0,1447.0
8452905090,2346,2294,2302,2336.0,2359.0,2375.0,2391.0,2175.0,2267.0,2274.0
3368002007,2158,2049,1956,1933.0,1846.0,1791.0,1625.0,1160.0,690.0,
4201243953,2211,2174,2286,2130.0,2107.0,2134.0,2250.0,2317.0,2316.0,2376.0
1504914733,2243,2191,2052,1936.0,1622.0,1297.0,693.0,,,
3258156235,2124,1970,1946,1905.0,1864.0,1880.0,1736.0,1668.0,1487.0,1145.0
9469358383,2417,2289,2363,2235.0,2203.0,2198.0,2176.0,2136.0,2127.0,2174.0
7256374089,1987,1973,1935,1932.0,1895.0,1821.0,1711.0,1625.0,1622.0,1646.0
4227484046,2231,2100,2166,2099.0,2041.0,2003.0,1941.0,1891.0,1843.0,1833.0
6844548910,2233,2164,2189,2187.0,2160.0,2316.0,2178.0,2177.0,2179.0,2220.0
3016752869,2128,2046,2054,2010.0,2007.0,1960.0,1847.0,1650.0,1337.0,1345.0
4146574323,2967,2919,2942,2946.0,2997.0,2897.0,2997.0,2917.0,2939.0,2835.0
9043422670,2142,2087,2033,2007.0,1952.0,1989.0,1998.0,2044.0,2078.0,2079.0
9184486432,2338,2405,2328,2263.0,2292.0,2281.0,2159.0,2012.0,1609.0,1255.0
1438193267,2054,1970,1943,1918.0,2105.0,2153.0,2186.0,2087.0,2076.0,2034.0
2543619288,2195,2178,2102,2064.0,2039.0,2144.0,2220.0,2114.0,2086.0,2175.0
1531616892,3018,3002,3007,2938.0,2887.0,2956.0,2966.0,2873.0,3118.0,3200.0
1277606741,2019,1999,1836,1829.0,2006.0,1996.0,1985.0,2015.0,2033.0,1933.0
2801177320,1986,1971,2018,2021.0,2022.0,1954.0,1904.0,1721.0,1600.0,1393.0
1185915916,2226,2274,2098,2008.0,2102.0,2146.0,2185.0,2208.0,2260.0,2222.0
2196717480,1992,1915,1871,1803.0,1791.0,1763.0,1779.0,1791.0,1764.0,1714.0
1282497695,2021,2108,2091,1874.0,1783.0,1932.0,2024.0,1942.0,1992.0,2058.0
4968691693,2045,2012,1892,1849.0,1745.0,1799.0,1744.0,1794.0,1956.0,2018.0
4176867379,1979,2034,2106,2132.0,2222.0,2316.0,2323.0,2213.0,2089.0,2166.0
2085910879,2018,1996,2062,2024.0,1950.0,1957.0,1941.0,1982.0,1954.0,1909.0
5380813886,2018,1885,1958,2013.0,1968.0,1978.0,1967.0,2027.0,1998.0,1879.0
2401258065,2167,2241,2247,2178.0,2166.0,2109.0,2201.0,2213.0,2145.0,2116.0
3067385353,2426,2455,2348,2240.0,2268.0,2232.0,1958.0,1963.0,1908.0,1905.0
6904750211,2104,1994,1816,1763.0,1662.0,,,,,
5928597828,2328,2362,2412,2344.0,2480.0,2457.0,2588.0,2477.0,2452.0,2495.0
9669598245,2191,2190,2089,2171.0,2145.0,1997.0,2053.0,1976.0,1916.0,1833.0
7070562258,2059,1989,2045,2034.0,2121.0,2088.0,2036.0,1908.0,1923.0,1920.0
6538880782,2191,2070,2036,2119.0,2023.0,2009.0,1975.0,1936.0,1952.0,1944.0
8190252512,2002,1983,1920,1870.0,1871.0,1831.0,1807.0,1755.0,1865.0,1808.0
2606712369,1978,2036,2024,1931.0,1947.0,1929.0,1980.0,1707.0,1684.0,1585.0
7473555183,1977,1910,1974,1823.0,1796.0,1790.0,1829.0,1717.0,1676.0,1716.0
3663637013,2386,2475,2328,2273.0,2237.0,2091.0,2056.0,1697.0,1554.0,1081.0
1634193462,2253,2270,2107,1927.0,1676.0,1595.0,1471.0,1245.0,771.0,
3624890519,1994,1987,1890,1818.0,1872.0,1519.0,1199.0,650.0,,
5863614257,2105,1999,1585,973.0,,,,,,
7611210823,2139,2158,2195,2108.0,2125.0,2213.0,2219.0,2231.0,2193.0,2201.0
4948155680,2138,2069,2072,1960.0,1964.0,2037.0,2019.0,1967.0,1963.0,1969.0
3480642865,2157,2226,2266,2035.0,1692.0,1214.0,772.0,,,
5947763958,2455,2586,2597,2523.0,2503.0,2284.0,2102.0,2105.0,2050.0,2123.0
5059028361,2248,2068,2084,1987.0,1895.0,1939.0,1923.0,1876.0,1821.0,1858.0
8394774811,2121,1947,1948,1897.0,1932.0,1890.0,1932.0,1996.0,1925.0,1788.0
9390547406,2097,2237,2273,2303.0,2289.0,2319.0,2295.0,2231.0,2320.0,2260.0
1417714567,2109,1917,1921,1669.0,1651.0,1288.0,900.0,,,
8426302676,2321,2159,2021,1943.0,1954.0,1915.0,1864.0,1898.0,1885.0,1937.0
8716025749,2078,1928,1928,2011.0,1923.0,1930.0,2045.0,2118.0,2050.0,1953.0
6876616466,2447,2285,2364,2309.0,2306.0,2176.0,2200.0,2175.0,2123.0,2176.0
5116504601,2239,2216,2249,2410.0,2443.0,2471.0,2368.0,2499.0,2387.0,2329.0
8969389475,2020,1917,1937,1969.0,1831.0,1837.0,1808.0,1755.0,1708.0,1461.0
6841391821,2109,2065,1925,2006.0,2008.0,2019.0,1850.0,1717.0,1678.0,1460.0
2688550336,2197,2150,2065,2035.0,2032.0,1973.0,2021.0,1948.0,1914.0,2115.0
9448189295,2244,2157,2062,2158.0,2088.0,2020.0,1996.0,1987.0,2032.0,2066.0
9776013634,2195,2051,2069,2111.0,2085.0,2079.0,2200.0,2179.0,2209.0,2153.0
1232047396,2029,1893,1835,1985.0,1909.0,1876.0,1879.0,1869.0,1855.0,1862.0
8616786853,2090,1993,2006,1945.0,1900.0,1813.0,1762.0,1656.0,1455.0,1141.0
5294550866,2228,2124,2044,2020.0,2104.0,2047.0,1854.0,1556.0,1372.0,1090.0
7112376850,2102,1930,1814,1739.0,1523.0,1215.0,666.0,,,
7815677466,2059,2026,1894,1880.0,1866.0,1953.0,1940.0,1972.0,1924.0,1885.0
7998409750,2031,1961,1933,1911.0,1825.0,1902.0,1875.0,1842.0,1695.0,1777.0
8190589461,2994,3047,3020,2990.0,2967.0,3079.0,3165.0,3219.0,3139.0,3098.0
2443185559,2146,2124,2047,2042.0,1870.0,1922.0,1885.0,1870.0,1971.0,1928.0
8316712348,2227,2188,2006,1734.0,1879.0,2018.0,2005.0,1929.0,2231.0,2253.0
2222482252,2152,1819,1770,1516.0,892.0,,,,,
1594498403,2107,1950,1488,882.0,,,,,,
4445146591,2821,2735,2900,2770.0,2738.0,2824.0,2918.0,2815.0,2862.0,2928.0
5158988579,2529,2573,2487,2300.0,2039.0,1622.0,1361.0,857.0,,
9511105783,2130,2069,2083,2062.0,1891.0,1924.0,1879.0,1849.0,1926.0,1895.0
3882499625,2257,2175,2135,2120.0,2105.0,2033.0,1998.0,2030.0,2056.0,1906.0
7119479728,2157,2118,1818,1684.0,1387.0,787.0,,,,
2070175810,2277,2285,2211,2194.0,2216.0,2263.0,2224.0,2201.0,2260.0,2224.0
8556783663,2007,2068,2216,2154.0,2115.0,2148.0,2135.0,2210.0,2063.0,2065.0
9030437692,2074,1806,1408,878.0,,,,,,
3457362155,2011,1896,1943,1956.0,1866.0,1906.0,1910.0,1781.0,1680.0,1587.0
2327803075,2177,2022,1960,1970.0,1941.0,1985.0,1969.0,1980.0,2006.0,2004.0
6940854877,2296,2306,2277,2140.0,2204.0,2032.0,2008.0,1949.0,2045.0,1991.0
6685965827,1984,1988,1982,2005.0,2082.0,1977.0,1916.0,1908.0,2042.0,1947.0
7948667971,2331,2294,2313,2325.0,2325.0,2302.0,2366.0,2440.0,2413.0,2503.0
7674782913,2191,2147,2159,1988.0,1817.0,1487.0,1031.0,615.0,,
9429286031,2260,2148,2149,2157.0,2107.0,2092.0,2108.0,2089.0,2048.0,2115.0
2517026963,2032,2077,2060,2106.0,2113.0,2032.0,2019.0,1982.0,1919.0,2014.0
9839880165,2068,2053,2038,1951.0,1909.0,1784.0,1543.0,1340.0,973.0,509.0
7809545343,2911,2915,2939,2994.0,2909.0,2966.0,3020.0,3033.0,2959.0,2803.0
7636092538,2903,2820,2786,2748.0,2621.0,2635.0,2614.0,2649.0,2666.0,2643.0
9869838315,2149,2055,2100,2007.0,1947.0,1960.0,2001.0,1998.0,2123.0,2127.0
6472427707,2311,2294,2361,2291.0,2254.0,2240.0,2214.0,2119.0,2021.0,2042.0
6084006766,2416,2368,2367,2385.0,2369.0,2356.0,2265.0,2264.0,2134.0,2145.0
7978736617,2068,2018,1878,1868.0,1926.0,1879.0,1996.0,1951.0,1909.0,1833.0
8738464289,2275,2211,2231,2214.0,2202.0,2179.0,2101.0,2123.0,2115.0,2096.0
1729541369,2224,2254,2232,2243.0,2260.0,2250.0,2236.0,2326.0,2241.0,2119.0
7136721341,2073,2060,2165,2120.0,2116.0,2160.0,2180.0,2046.0,2020.0,2030.0
4752257568,2623,2598,2594,2652.0,2656.0,2638.0,2579.0,2546.0,2449.0,2466.0
6102925246,2273,2246,2151,2102.0,2094.0,2050.0,1975.0,2082.0,2078.0,2085.0
7867088828,2047,2080,1970,1847.0,1886.0,1882.0,1925.0,1896.0,1758.0,1689.0
3994727286,2180,2188,2254,2272.0,2281.0,2241.0,2244.0,2233.0,2214.0,2070.0
7776683405,2121,2174,2091,2172.0,2056.0,2106.0,2117.0,2158.0,2158.0,2131.0
8632700160,2015,2004,1958,1873.0,1935.0,2008.0,2008.0,1980.0,2027.0,2044.0
6113113935,2312,2279,2218,2154.0,2241.0,2066.0,2116.0,2124.0,2100.0,2113.0
9564162806,2128,2120,2072,2018.0,1963.0,2039.0,1932.0,1963.0,1960.0,1886.0
7284547344,2301,2187,2236,2344.0,2270.0,2116.0,2056.0,2067.0,1956.0,2050.0
3207206798,2112,2025,1878,1630.0,1310.0,1079.0,570.0,,,
1313092082,2029,2049,2033,1977.0,2002.0,2106.0,2041.0,1877.0,1910.0,1910.0
6217416745,2126,1987,2028,2068.0,1964.0,1872.0,1810.0,1863.0,1754.0,1705.0
6561095065,2157,1992,1983,1890.0,1875.0,1854.0,1876.0,1915.0,1905.0,1844.0
6578770190,2150,2168,2123,2211.0,2085.0,2196.0,2225.0,2233.0,2196.0,2056.0
6552422851,2197,1972,1939,1933.0,1702.0,1832.0,1906.0,1687.0,1657.0,1610.0
7166414203,2022,1926,1978,1937.0,1910.0,1913.0,1888.0,1809.0,1829.0,1741.0
1092563551,1999,1959,1912,1892.0,1813.0,1916.0,1951.0,1814.0,1743.0,1855.0
3480572214,2186,2177,2043,2023.0,2004.0,2075.0,2058.0,1992.0,1873.0,1877.0
3694305171,2541,2465,2440,2470.0,2460.0,2428.0,2311.0,2320.0,2262.0,2195.0
6298141409,2515,2593,2549,2495.0,2577.0,2499.0,2460.0,2363.0,2296.0,2062.0
3688371392,2029,1980,2003,1858.0,1793.0,1727.0,1771.0,1662.0,1529.0,1297.0
7122530385,2328,2225,2154,2175.0,2114.0,1912.0,1766.0,1462.0,867.0,
1558902073,3052,2982,3031,2914.0,3035.0,3069.0,3027.0,3010.0,3056.0,3016.0
9431260199,2683,2764,2626,2663.0,2689.0,2643.0,2511.0,2567.0,2599.0,2588.0
3598620465,2129,2111,2083,2022.0,1960.0,1852.0,1828.0,1889.0,1804.0,1928.0
4768334849,2373,2450,2386,2357.0,2415.0,2331.0,2358.0,2291.0,2239.0,2138.0
3630847641,2235,2209,2133,2085.0,2071.0,2111.0,2163.0,2175.0,2248.0,2300.0
9271491469,2759,2814,2665,2577.0,2631.0,2726.0,2732.0,2563.0,2578.0,2656.0
2530603962,2049,1949,1961,1964.0,1808.0,1729.0,1785.0,1695.0,1604.0,1562.0
5212893521,2141,2020,1982,1932.0,1874.0,1851.0,1744.0,1702.0,1517.0,1302.0
2677471385,3261,3192,3227,3296.0,3281.0,3333.0,3134.0,3203.0,3113.0,3158.0
5519700850,2134,2124,2147,2149.0,2060.0,1984.0,1930.0,1956.0,2023.0,2065.0
9412604737,1992,1777,1834,1923.0,1675.0,1798.0,1720.0,1940.0,1651.0,1289.0
8727340274,2072,1854,1560,1297.0,1451.0,1446.0,1473.0,1457.0,1486.0,1444.0
2784261221,2291,2254,2328,2336.0,2297.0,2286.0,2300.0,2298.0,2142.0,2014.0
5704652238,2390,2300,2436,2427.0,2367.0,2341.0,2234.0,2280.0,2249.0,2220.0
7171857792,1999,1972,1955,2010.0,1990.0,2030.0,1917.0,1839.0,1718.0,1725.0
2795057185,3075,2996,3032,2988.0,2956.0,2951.0,2942.0,2929.0,2839.0,2840.0
5415726476,2186,2211,2128,2133.0,2080.0,2022.0,2058.0,1921.0,1987.0,1881.0
4695774515,2338,2361,2327,2256.0,2163.0,1999.0,1721.0,1578.0,1428.0,1211.0
8808453713,2024,1973,2170,2184.0,2133.0,2095.0,2086.0,2162.0,2164.0,2158.0
7114722723,2331,2389,2440,2277.0,2241.0,2226.0,2208.0,2233.0,2096.0,1944.0
4983325014,2111,2094,2003,1903.0,1714.0,1692.0,1754.0,1611.0,1638.0,1636.0
7981316415,2113,2163,2068,2111.0,2127.0,2127.0,2044.0,2121.0,2144.0,2185.0
3344530302,2026,1861,1812,1584.0,1145.0,746.0,,,,
4869120531,1987,1873,1932,1815.0,1770.0,1786.0,1770.0,1742.0,1822.0,1807.0
1083632117,2945,2963,2926,3014.0,2837.0,2986.0,2968.0,2929.0,3055.0,2956.0
2269524063,2091,2095,2048,1866.0,1875.0,1860.0,1826.0,1880.0,1887.0,1887.0
4415710258,2295,1996,2049,2067.0,2048.0,2036.0,2023.0,2004.0,2048.0,1895.0
6485395646,2190,2051,2062,2008.0,1976.0,1965.0,1960.0,1906.0,1908.0,1834.0
2870333319,2328,2279,2341,2376.0,2279.0,2217.0,2213.0,2086.0,1987.0,2042.0
2991819843,2034,1848,1419,883.0,,,,,,
2638349989,2321,2265,2241,2220.0,2258.0,2166.0,2127.0,2110.0,2051.0,2110.0
9104862886,2146,2121,2051,2012.0,2009.0,2029.0,1945.0,1926.0,1971.0,2049.0
6433835529,2003,1931,1835,1625.0,1387.0,1134.0,697.0,,,
2511038768,2115,2088,2052,2014.0,1894.0,1814.0,1892.0,1912.0,1952.0,1836.0
1546852251,2445,2360,2159,2300.0,2387.0,2345.0,2428.0,2414.0,2400.0,2478.0
8220215978,2512,2372,2375,2344.0,2303.0,2212.0,2223.0,2127.0,2147.0,2118.0
2182861922,2112,2117,2081,1938.0,1832.0,1845.0,1872.0,1843.0,1769.0,1676.0
5435670130,2000,2045,2011,1914.0,1968.0,2045.0,1974.0,1958.0,1946.0,1951.0
6522712622,2431,2187,2106,2021.0,1966.0,2196.0,2131.0,2083.0,1990.0,2133.0
5118430495,2038,1978,1916,1955.0,1926.0,1901.0,1853.0,1750.0,1644.0,1709.0
3997442749,2341,2384,2341,2303.0,2265.0,2103.0,1875.0,1661.0,,
5914865630,2103,2094,2091,2075.0,2040.0,1962.0,2020.0,2024.0,1970.0,1920.0
4799229142,2012,1924,1780,1540.0,1202.0,714.0,439.0,,,
3389049178,2120,2032,1941,1944.0,1951.0,1957.0,1879.0,1858.0,1914.0,1793.0
4889975003,2321,2392,2395,2381.0,2468.0,2478.0,2471.0,2421.0,2429.0,2316.0
5413090600,2573,2579,2513,2517.0,2568.0,2645.0,2490.0,2510.0,2539.0,2517.0
9284325438,2741,2684,2715,2668.0,2749.0,2632.0,2709.0,2731.0,2685.0,2573.0
5002048240,2147,2002,1719,1358.0,812.0,,,,,
5046079930,2307,2344,2281,2241.0,2238.0,2231.0,2227.0,2079.0,2053.0,2126.0
8276673911,2053,2161,2026,1984.0,1876.0,1870.0,1866.0,1820.0,1881.0,1822.0
5794747001,2394,2388,2455,2434.0,2454.0,2511.0,2490.0,2506.0,2547.0,2500.0
5669498982,2464,2556,2564,2601.0,2647.0,2645.0,2673.0,2666.0,2642.0,2544.0
7693894093,2056,2095,2059,1898.0,1819.0,1790.0,1870.0,1882.0,1833.0,1897.0
7778359590,2120,2037,2111,2101.0,1915.0,1911.0,1720.0,1472.0,1065.0,575.0
3569349572,2220,2170,2207,2231.0,2148.0,2182.0,2370.0,2315.0,2307.0,2355.0
5823905116,2059,2078,1989,2091.0,2019.0,1978.0,2078.0,2133.0,2033.0,1950.0
2035398154,2185,2139,2116,2163.0,2134.0,2171.0,2074.0,2153.0,2166.0,2187.0
5571028164,2070,2039,2047,2019.0,1874.0,1693.0,1737.0,1689.0,1636.0,1721.0
6658255438,2135,2099,2023,1877.0,1807.0,1772.0,1964.0,1933.0,1957.0,1988.0
7643170386,2347,2365,2386,2298.0,2169.0,2154.0,2293.0,2288.0,2383.0,2290.0
3561251908,2412,2495,2440,2487.0,2539.0,2467.0,2512.0,2590.0,2539.0,2557.0
2329955760,2132,2168,2132,2128.0,2174.0,2074.0,1973.0,2001.0,1823.0,1694.0
9772212019,2302,2257,2192,2107.0,2214.0,2314.0,2147.0,2097.0,2202.0,2248.0
6565997964,2113,2245,2356,2215.0,2084.0,1987.0,1993.0,1716.0,1176.0,656.0
4174271431,2103,1809,1374,808.0,,,,,,
3881023013,2419,2438,2402,2341.0,2377.0,2263.0,2207.0,2173.0,2118.0,2173.0
1566925613,2433,2350,2290,2229.0,2145.0,1949.0,1962.0,1913.0,1644.0,1307.0
5244965339,2118,2108,2137,2071.0,2051.0,2020.0,2008.0,2011.0,1892.0,1877.0
1528153743,2015,1979,1992,1997.0,2084.0,2116.0,2144.0,2199.0,2197.0,2019.0
8267986510,1986,1972,2042,2061.0,2292.0,2308.0,2334.0,2311.0,2253.0,2228.0
1184069233,2022,2090,1960,1941.0,1882.0,1881.0,1876.0,1929.0,2025.0,1883.0
8736384039,2450,2363,2490,2528.0,2570.0,2515.0,2487.0,2472.0,2336.0,2408.0
6891684543,2124,2101,2016,2011.0,2123.0,2063.0,1945.0,1880.0,2015.0,1997.0
9421940487,2284,2331,2277,2244.0,2248.0,2233.0,2195.0,2157.0,2173.0,2137.0
6596243737,1991,2049,1914,1748.0,1550.0,1207.0,699.0,,,
6524910608,2303,2218,2313,2344.0,2339.0,2364.0,2351.0,2344.0,2195.0,2187.0
5289195207,2028,1981,1974,1989.0,1887.0,1865.0,1884.0,1896.0,1801.0,1789.0
5353806674,2100,2141,2008,1914.0,1875.0,1758.0,1777.0,1901.0,1923.0,1861.0
6262331129,2320,2260,2255,2228.0,2141.0,2128.0,2181.0,2180.0,2134.0,2144.0
6705174186,2361,2353,2271,2223.0,2112.0,2066.0,2168.0,2107.0,2142.0,2255.0
5225115059,2010,2053,2050,2079.0,2027.0,1972.0,2048.0,2082.0,1924.0,2032.0
4201282459,2100,2234,2198,2272.0,2254.0,2240.0,2346.0,2424.0,2403.0,2501.0
9421325162,2548,2493,2460,2481.0,2426.0,2281.0,2255.0,2271.0,2362.0,2490.0
8748024664,2200,2263,2219,2197.0,2158.0,2165.0,2200.0,2274.0,2169.0,2244.0
8452184255,2459,2381,2352,2172.0,2079.0,1932.0,1375.0,811.0,,
6720456247,2212,2071,1975,1934.0,1926.0,1869.0,1869.0,1763.0,1739.0,1793.0
3657244766,2115,2245,2279,2293.0,2262.0,2195.0,2251.0,2184.0,2105.0,2257.0
9825888151,2324,2319,2288,2208.0,2219.0,2233.0,2165.0,2360.0,2227.0,2255.0
1061997862,2124,2061,2107,2033.0,2083.0,1962.0,2017.0,2059.0,2098.0,2128.0
4695629184,2114,2177,2064,2023.0,1736.0,1753.0,1442.0,925.0,453.0,
6681456827,2202,2104,2110,2165.0,2189.0,2149.0,2087.0,2073.0,2163.0,2206.0
1615255058,2268,2163,2162,2110.0,2169.0,2158.0,2152.0,2058.0,2097.0,1950.0
7815697005,2022,1951,2044,2075.0,2033.0,2098.0,1971.0,1937.0,1928.0,1916.0
5637341921,2079,2014,1957,2145.0,2169.0,2026.0,2038.0,2095.0,2114.0,2075.0
4379025153,2044,1966,1894,1997.0,2001.0,1844.0,1589.0,1626.0,1839.0,1952.0
7878086744,2423,2389,2433,2377.0,2382.0,2408.0,2471.0,2444.0,2423.0,2341.0
2847733359,2027,1933,2118,2127.0,2083.0,2160.0,1992.0,2049.0,1928.0,1881.0
8583769743,2144,2064,1991,2028.0,2002.0,2033.0,1933.0,1904.0,1836.0,1873.0
5879281185,2091,1917,1947,2158.0,2059.0,2031.0,1980.0,2031.0,2073.0,1922.0
1837582977,2073,2054,1986,1985.0,1944.0,1909.0,1878.0,1936.0,1989.0,1967.0
9427864450,2037,2105,2069,2054.0,1957.0,1995.0,1917.0,1852.0,1837.0,1898.0
2784656551,2311,2157,2094,2116.0,2158.0,2090.0,1993.0,2030.0,1913.0,1897.0
7418155804,2216,2133,2371,2286.0,2143.0,2184.0,2186.0,2192.0,2303.0,2304.0
7429241387,2117,2170,2149,2071.0,2084.0,2023.0,1998.0,1910.0,1815.0,1973.0
7948753032,2154,2082,2049,2033.0,2137.0,1997.0,1996.0,2046.0,2073.0,2039.0
1553709347,2175,2056,2280,2291.0,2369.0,2400.0,2385.0,2271.0,2273.0,2232.0
7410461984,2195,2175,2184,2180.0,2001.0,1983.0,2070.0,2128.0,2049.0,2043.0
1967846288,2171,1893,1491,1007.0,,,,,,
4375634211,2068,2239,2182,2152.0,2083.0,2050.0,1925.0,1873.0,1692.0,1630.0
1987188348,2212,2180,2149,2116.0,2228.0,2174.0,2178.0,2065.0,2087.0,2000.0
3088661654,2402,2271,1911,1363.0,665.0,,,,,
5098388970,2142,1989,1651,1232.0,786.0,,,,,
9317322362,2133,2105,2072,1979.0,1935.0,1923.0,1963.0,1955.0,1962.0,1878.0
6321536924,1995,1693,1295,683.0,,,,,,
6627381370,2179,2157,2140,2085.0,2072.0,2088.0,2110.0,2181.0,2247.0,2217.0
1971596010,2251,2124,1870,1373.0,809.0,,,,,
1698329572,2008,1936,1549,1238.0,784.0,,,,,
5106029531,2058,1959,1929,2010.0,1895.0,1722.0,1803.0,1672.0,1752.0,1738.0
7039391636,2106,2098,2104,2136.0,2079.0,2049.0,2074.0,1974.0,1971.0,1955.0
9360249084,2277,2204,2154,2200.0,2078.0,1820.0,1563.0,1302.0,1369.0,1213.0
4881575912,2250,2231,2176,2153.0,2264.0,2289.0,2376.0,2364.0,2487.0,2451.0
5649454545,2046,2081,2033,2022.0,2049.0,1971.0,1952.0,2023.0,1954.0,1862.0
9923581723,2146,2035,2004,1889.0,1662.0,1283.0,794.0,,,
2637221227,2185,2167,2009,1908.0,1991.0,2162.0,2224.0,2227.0,2193.0,2127.0
6439636796,2107,2092,2065,2080.0,2062.0,2055.0,2039.0,1967.0,1941.0,1954.0
8134604915,2099,1977,1852,1744.0,1849.0,1937.0,1997.0,2028.0,1840.0,1789.0
8216968725,2628,2635,2613,2583.0,2598.0,2626.0,2675.0,2647.0,2668.0,2654.0
2721974866,2866,2786,2772,2759.0,2703.0,2647.0,2642.0,2584.0,2485.0,2471.0
5178085000,2140,2228,2184,2184.0,2235.0,2241.0,2338.0,2278.0,2200.0,2235.0
4353150364,2118,2136,2205,2238.0,2289.0,2271.0,2340.0,2434.0,2581.0,2449.0
8344340561,2195,2271,2271,2233.0,2221.0,2157.0,2221.0,2245.0,2272.0,2292.0
8947314208,2286,2123,1800,1460.0,860.0,,,,,
5763819386,2125,2185,2264,2134.0,2086.0,2015.0,2026.0,1944.0,1927.0,1983.0
4210753136,2367,2286,2181,2045.0,2021.0,2118.0,2125.0,2120.0,1952.0,2088.0
1108699509,2108,1976,2009,2001.0,1956.0,2018.0,2032.0,1992.0,1985.0,1923.0
1082749902,2461,2480,2487,2426.0,2381.0,2442.0,2421.0,2412.0,2399.0,2452.0
8484406603,2410,2444,2490,2520.0,2426.0,2363.0,2411.0,2398.0,2426.0,2354.0
2886924642,2010,2082,1993,1884.0,1953.0,2003.0,2010.0,1921.0,1855.0,1824.0
5690372990,2021,1996,1953,2007.0,2097.0,2061.0,1938.0,1999.0,1956.0,2014.0
1654168325,2339,2331,2309,2273.0,2213.0,2324.0,2130.0,2043.0,1995.0,1834.0
3260056002,2021,2073,1935,1878.0,1828.0,1844.0,1813.0,1921.0,1916.0,1962.0
6694843498,2713,2626,2510,2515.0,2607.0,2722.0,2608.0,2537.0,2542.0,2443.0
3636674048,2467,2565,2557,2562.0,2534.0,2479.0,2592.0,2540.0,2538.0,2571.0
8374827188,2066,1894,1893,1878.0,1703.0,1521.0,1154.0,619.0,,
3638142178,2182,1896,1462,863.0,,,,,,
5510153663,2025,1976,1980,2005.0,1872.0,1866.0,1841.0,1935.0,1910.0,1783.0
4783239640,2619,2637,2610,2524.0,2467.0,2445.0,2550.0,2546.0,2522.0,2512.0
1188475145,2156,2243,2232,2192.0,2149.0,2058.0,1985.0,1703.0,1499.0,1172.0
7245036490,2045,1915,1678,1455.0,1061.0,710.0,,,,
9648574876,2056,1924,1844,1681.0,1503.0,1427.0,1490.0,1199.0,1209.0,1089.0
3235427227,2790,2833,2781,2692.0,2703.0,2712.0,2572.0,2429.0,2407.0,2422.0
2811501830,2251,2096,2110,2079.0,2129.0,2112.0,1976.0,2133.0,2150.0,2134.0
1981451703,1998,1956,1980,1823.0,1713.0,1285.0,802.0,,,
1910406758,2220,2276,2191,2149.0,2088.0,2139.0,2116.0,2136.0,2157.0,2178.0
5742201067,2013,2042,2138,2089.0,1950.0,2110.0,2192.0,2032.0,1926.0,1922.0
9838012994,2128,2039,1800,1933.0,1999.0,1993.0,2049.0,2000.0,1930.0,1992.0
7525486836,2559,2510,2483,2535.0,2524.0,2446.0,2302.0,2135.0,1777.0,1352.0
1876577621,2194,2114,2152,2179.0,2211.0,2154.0,2170.0,2141.0,2157.0,2209.0
9634827218,2167,2064,2003,2024.0,1957.0,1987.0,1976.0,2055.0,2045.0,2041.0
9592417672,2319,2285,2212,2179.0,2206.0,2099.0,2111.0,2065.0,2046.0,2132.0
5544760350,2029,1954,1942,1909.0,1956.0,2026.0,1954.0,1816.0,1846.0,1899.0
4338328605,2466,2291,2278,2356.0,2361.0,2269.0,2324.0,2245.0,2281.0,2188.0
1614284404,2755,2748,2781,2680.0,2735.0,2711.0,2747.0,2730.0,2686.0,2610.0
3788124822,2093,2048,1956,2034.0,1993.0,2010.0,1982.0,1820.0,1780.0,1744.0
3436279067,1996,1893,1883,1849.0,1841.0,1812.0,1798.0,1770.0,1791.0,1760.0
7874134993,1981,1879,2085,2097.0,1993.0,1843.0,1765.0,1581.0,1414.0,
9946619445,2436,2380,2365,2335.0,2398.0,2316.0,2294.0,2240.0,2243.0,2259.0
2509691587,2256,2092,2106,1893.0,1916.0,1901.0,2113.0,2122.0,2222.0,2340.0
6191573630,2071,1963,1864,1850.0,1691.0,1494.0,1519.0,1467.0,1520.0,1411.0
9776263054,2585,2664,2767,2663.0,2479.0,2468.0,2473.0,2456.0,2607.0,2634.0
9239620683,2065,1978,1871,1505.0,849.0,,,,,
4416635737,2213,1962,1654,1216.0,844.0,,,,,
9333813593,2945,2800,2598,2548.0,2734.0,2642.0,2617.0,2666.0,2579.0,2566.0
2745114812,2082,1982,2016,2086.0,2009.0,2059.0,2134.0,2032.0,1945.0,1874.0
5761456049,2059,2141,2090,2084.0,2070.0,2042.0,2003.0,1965.0,1919.0,1976.0
5862288550,2797,2873,2852,2920.0,2925.0,3002.0,3086.0,3117.0,3082.0,3052.0
8089538719,2043,1880,2137,1952.0,1993.0,2063.0,2055.0,2024.0,2163.0,2229.0
7157941001,2013,2085,2087,2036.0,1994.0,2081.0,2143.0,2082.0,2141.0,2170.0
9134212493,2154,2133,2129,2130.0,2075.0,2099.0,2022.0,1972.0,1914.0,2008.0
2835383139,2069,2084,1983,2149.0,2156.0,2195.0,2172.0,2179.0,2163.0,2044.0
8498659325,2553,2469,2385,2362.0,2337.0,2262.0,2360.0,2345.0,2256.0,2303.0
4105050210,2283,2111,2166,2182.0,2168.0,2254.0,2203.0,2197.0,2149.0,2066.0
4661991786,2004,1919,1876,1876.0,1897.0,1944.0,1920.0,1773.0,1740.0,1720.0
3084388786,2120,2126,2103,2146.0,2102.0,2011.0,2034.0,2042.0,2071.0,2015.0
2641606697,2473,2438,2440,2359.0,2273.0,2171.0,2132.0,1896.0,1711.0,1521.0
8452389677,2370,2443,2295,2199.0,2217.0,2250.0,2103.0,2098.0,2063.0,1939.0
4694496739,1982,1958,1969,2020.0,2079.0,2022.0,1999.0,1853.0,1728.0,1779.0
6950028402,2185,2064,1904,1859.0,1913.0,1869.0,1823.0,1852.0,1788.0,1704.0
9493886775,2308,2353,2316,2338.0,2333.0,2291.0,2343.0,2255.0,2236.0,2182.0
9071100936,2254,2194,2138,1881.0,1766.0,1641.0,1476.0,1036.0,674.0,
4456289903,2504,2552,2557,2419.0,2338.0,2380.0,2234.0,2123.0,2163.0,2230.0
6559672370,2157,2061,2067,2061.0,1953.0,2005.0,1933.0,1908.0,2063.0,1927.0
4838791729,2095,2131,1981,2043.0,2001.0,2093.0,2071.0,2173.0,2141.0,2139.0
8254794185,2183,2077,2072,2159.0,2025.0,2028.0,1996.0,1960.0,1958.0,1753.0
2743386020,2144,2126,1973,1992.0,1918.0,2042.0,2131.0,2156.0,2098.0,2156.0
4585844856,2409,2319,2453,2528.0,2636.0,2619.0,2711.0,2675.0,2599.0,2634.0
7005538835,2235,2227,2160,2106.0,2148.0,2143.0,2067.0,2152.0,2127.0,2212.0
1301829368,2289,2166,2159,2069.0,2113.0,2082.0,2146.0,2111.0,1962.0,2024.0
4651587445,2047,2020,1964,1937.0,1968.0,1997.0,2005.0,1951.0,1967.0,1843.0
9437896309,2260,2366,2316,2339.0,2294.0,2345.0,2198.0,2234.0,2148.0,2108.0
2925080689,2185,2037,1944,1768.0,1414.0,711.0,,,,
3152957778,1985,1980,1930,1900.0,1999.0,2032.0,2009.0,1971.0,1949.0,1981.0
3822472909,2141,2058,1961,1956.0,1891.0,1907.0,2002.0,1982.0,1934.0,1891.0
5333606202,2644,2551,2472,2355.0,2364.0,2266.0,2251.0,2306.0,2324.0,2229.0
7299123095,2133,2140,2381,2370.0,2283.0,2212.0,2116.0,2205.0,2252.0,2184.0
4070703457,2109,2096,2103,2115.0,2146.0,2059.0,1788.0,1627.0,1395.0,990.0
4922448882,2674,2716,2612,2574.0,2396.0,2395.0,2416.0,2413.0,2350.0,2373.0
3534339172,2150,2146,2093,2078.0,1987.0,1740.0,1451.0,1064.0,525.0,
7779098552,2723,2657,2526,2472.0,2386.0,2360.0,2370.0,2422.0,2335.0,2230.0
1902980280,2253,2163,2019,2071.0,2163.0,2279.0,2230.0,2144.0,2021.0,1956.0
7054689632,2011,1985,1854,1827.0,1701.0,1840.0,1879.0,1851.0,1698.0,1417.0
8275445855,2455,2405,2304,2224.0,2171.0,2054.0,2157.0,2139.0,2027.0,2046.0
6799414620,2486,2413,2296,2272.0,2142.0,2036.0,1990.0,1895.0,1857.0,1735.0
1167026188,2010,2037,1915,1889.0,1761.0,1735.0,1644.0,1618.0,1641.0,1561.0
6554263615,2103,2097,2113,2133.0,2176.0,2126.0,2150.0,2093.0,2073.0,2161.0
8260803617,2132,2065,2064,2049.0,2032.0,1976.0,1898.0,1966.0,2060.0,2080.0
5094016475,2091,1948,2003,2103.0,1963.0,1859.0,1877.0,1843.0,1730.0,1728.0
2056058622,2151,2189,2045,1915.0,1684.0,1363.0,795.0,,,
4117463125,2160,2080,2047,2065.0,1999.0,1958.0,2146.0,2134.0,1891.0,1837.0
9682355857,2773,2772,2808,2778.0,2651.0,2622.0,2636.0,2750.0,2641.0,2713.0
4752849492,2031,1893,1640,1263.0,675.0,,,,,
1679437800,2360,2408,2305,2271.0,2145.0,2131.0,1922.0,1953.0,1872.0,1803.0
6057766949,2108,2059,1942,1959.0,1983.0,1951.0,1915.0,1940.0,1833.0,1829.0
8870303496,2163,2151,2054,2279.0,2134.0,2122.0,2145.0,2171.0,2077.0,2166.0
3088824525,2103,2017,2017,2016.0,1954.0,1940.0,1867.0,1940.0,1764.0,1763.0
7876375713,2219,2223,2301,2246.0,2220.0,2239.0,2178.0,2169.0,2164.0,2130.0
9103545447,2120,2257,2356,2462.0,2376.0,2383.0,2546.0,2653.0,2581.0,2531.0
3250200753,2118,2075,2053,2018.0,2025.0,2047.0,2039.0,2067.0,2107.0,2153.0
6364854274,2146,2080,2081,1962.0,1954.0,1993.0,2143.0,2156.0,2109.0,2181.0
6511272226,2197,2172,2206,2185.0,2260.0,2107.0,2029.0,2044.0,2091.0,2075.0
5104657361,2018,1968,1871,1841.0,1745.0,1824.0,2031.0,2012.0,1986.0,1685.0
4070926121,2087,2163,2080,2005.0,2024.0,1960.0,1907.0,2043.0,2029.0,1868.0
6171403579,2247,2185,2246,2164.0,2006.0,2022.0,1922.0,1988.0,2018.0,2059.0
9175848045,2669,2563,2527,2551.0,2549.0,2576.0,2608.0,2754.0,2731.0,2696.0
1924942605,2109,1994,1920,1813.0,1763.0,1654.0,1691.0,1680.0,1863.0,1893.0
2144936032,2140,2090,2026,1897.0,1794.0,1464.0,1035.0,725.0,473.0,
1966512296,2099,1995,1997,1925.0,1813.0,1615.0,1460.0,1458.0,1496.0,1395.0
3240357438,1982,1923,1796,1811.0,1806.0,1942.0,2020.0,1878.0,1758.0,1741.0
5490164629,2116,2001,2174,2112.0,2195.0,2071.0,1952.0,1850.0,1789.0,1925.0
4286712716,2069,2049,2156,2074.0,2009.0,2109.0,2150.0,2211.0,1885.0,1844.0
4247597150,2292,2278,2231,2259.0,2210.0,2091.0,2096.0,2007.0,1952.0,1903.0
4806982321,2159,2182,2043,1950.0,1892.0,1901.0,2046.0,1946.0,1819.0,1831.0
8537238232,2018,2015,2074,2143.0,2056.0,1905.0,1997.0,2066.0,2134.0,2175.0
6410065280,2376,2322,2397,2359.0,2381.0,2419.0,2445.0,2308.0,2361.0,2396.0
7044564941,2017,1935,1824,1632.0,1407.0,1223.0,1216.0,1159.0,999.0,644.0
6002897344,2118,2127,2070,1959.0,1925.0,1984.0,2045.0,1952.0,1976.0,2083.0
2895694475,2152,2169,2167,2086.0,2154.0,2066.0,2135.0,2214.0,2220.0,2265.0
1478434351,2152,2222,2134,2110.0,2147.0,2145.0,2096.0,2082.0,2079.0,2071.0
7065176284,2207,2035,2043,2138.0,2100.0,1834.0,1838.0,1779.0,1731.0,1848.0
7384029939,2016,1953,1874,1696.0,1514.0,1205.0,655.0,,,
6061911373,2134,2187,2200,2142.0,2208.0,2260.0,2224.0,2125.0,2079.0,2170.0
4786767830,2102,2047,1981,2180.0,2029.0,2048.0,2125.0,2070.0,2092.0,2036.0
4131731636,2197,2225,2214,2192.0,2167.0,2251.0,2182.0,2096.0,2093.0,2058.0
3206074679,2187,2072,2058,2051.0,1938.0,1996.0,1945.0,2050.0,1930.0,1770.0
4324020812,2201,1950,1963,1843.0,1987.0,2003.0,1928.0,1893.0,1927.0,2009.0
5447646002,2119,2044,1937,1891.0,1851.0,1926.0,1850.0,1705.0,1642.0,1738.0
2397585032,2288,2112,2026,1925.0,1818.0,1522.0,1546.0,1371.0,757.0,
9339854926,2760,2710,2642,2592.0,2509.0,2364.0,2419.0,2529.0,2435.0,2363.0
6677653313,1995,2049,2061,1865.0,1928.0,1955.0,2012.0,2036.0,1969.0,1894.0
7812437094,2066,2098,1888,1788.0,1689.0,1386.0,1111.0,679.0,,
9387991362,2022,1961,1910,1898.0,1983.0,2025.0,1972.0,1874.0,1839.0,1966.0
2517556222,2028,2009,2148,2131.0,2150.0,2206.0,2054.0,1976.0,2060.0,2120.0
9926249487,2149,1919,1702,1374.0,837.0,,,,,
5127200238,2216,2242,2234,2213.0,2077.0,1949.0,1827.0,1600.0,1229.0,799.0
4189899216,2086,2070,2055,2087.0,2007.0,1987.0,2075.0,2100.0,2129.0,2215.0
1634454439,2238,2179,2119,2087.0,1911.0,1817.0,1835.0,1913.0,1963.0,1996.0
8135278562,2314,2401,2282,2133.0,2077.0,2007.0,1956.0,1996.0,1813.0,1865.0
2964631713,2121,2103,1948,2184.0,2150.0,2130.0,2235.0,2095.0,2170.0,2115.0
1967628797,2422,2385,2274,2241.0,2351.0,2306.0,2226.0,2098.0,2190.0,2218.0
2089550081,2008,1928,1806,1773.0,1957.0,1942.0,1945.0,1904.0,2029.0,1925.0
8463385823,2296,2203,2187,2198.0,2193.0,2101.0,2145.0,2051.0,2020.0,1928.0
6884714197,2064,2062,2092,2004.0,2023.0,2112.0,1991.0,1903.0,1929.0,1947.0
1857989766,2143,1939,1920,1888.0,1894.0,1887.0,1948.0,1935.0,1935.0,1861.0
1317085001,2002,2048,2063,2051.0,2030.0,1954.0,1960.0,1948.0,2046.0,1971.0
5202983623,2123,2100,2142,2157.0,2061.0,2159.0,2085.0,2079.0,2044.0,2053.0
7614489961,2518,2699,2659,2678.0,2588.0,2579.0,2543.0,2616.0,2558.0,2537.0
3761324724,2144,2106,2147,2163.0,1940.0,1915.0,1933.0,1950.0,1989.0,1973.0
5215725989,2799,2569,2551,2576.0,2735.0,2745.0,2671.0,2726.0,2656.0,2603.0
2765632561,2230,2265,2244,2254.0,2195.0,2285.0,2374.0,2361.0,2301.0,2298.0
6640735352,1991,1941,1802,1733.0,1956.0,1983.0,1959.0,1927.0,2018.0,1786.0
2254265003,2540,2555,2481,2385.0,2357.0,2251.0,2118.0,2159.0,2027.0,1920.0
6098893556,1992,1977,1941,1992.0,1914.0,1689.0,1732.0,1642.0,1745.0,1712.0
5389354844,2336,2335,2288,2276.0,2289.0,2191.0,2216.0,2234.0,2150.0,2088.0
7393183979,2386,2338,2275,2187.0,2102.0,2067.0,2063.0,2149.0,2050.0,1986.0
2390250517,2042,2062,1936,1925.0,1830.0,1791.0,1842.0,1866.0,1918.0,1851.0
6419272790,2202,2114,2196,2070.0,2091.0,1977.0,2001.0,2098.0,2068.0,2178.0
7939113049,2047,1905,2034,2054.0,1984.0,1986.0,1996.0,1794.0,1646.0,1599.0
2037952863,2611,2291,2246,2062.0,1827.0,1687.0,1618.0,,,
9827221751,2108,2079,2188,2186.0,2169.0,2146.0,2085.0,2062.0,2067.0,1880.0
9185460814,2100,2167,2287,2229.0,2281.0,2214.0,2212.0,2182.0,2188.0,2229.0
2746693000,1979,1819,1621,1468.0,980.0,427.0,,,,
2466737336,2478,2200,2132,2119.0,2071.0,1947.0,1801.0,1775.0,1686.0,1619.0
8577243179,2150,2187,1990,1918.0,1769.0,1768.0,1699.0,1548.0,1534.0,1530.0
9046497672,2420,2393,2435,2424.0,2485.0,2387.0,2322.0,2312.0,2209.0,2330.0
2994135695,2044,2111,2142,2122.0,2110.0,2126.0,2084.0,1978.0,1869.0,1894.0
9726185587,2137,2020,1904,1863.0,1841.0,1743.0,1990.0,1994.0,1952.0,1868.0
7992152686,2457,2469,2300,2397.0,2488.0,2295.0,2310.0,2355.0,2406.0,2293.0
1031464027,2256,2203,2213,2119.0,2120.0,2161.0,2215.0,2260.0,2256.0,2312.0
4852406131,2334,2173,2076,1942.0,1676.0,1266.0,646.0,,,
2531198396,2154,2156,2025,2019.0,2110.0,2139.0,2049.0,2014.0,1998.0,1915.0
2176146207,2568,2544,2652,2718.0,2728.0,2824.0,2772.0,2726.0,2649.0,2754.0
3961949235,2473,2486,2394,2400.0,2300.0,2375.0,2370.0,2413.0,2305.0,2282.0
3809796794,2279,2249,2279,2271.0,2249.0,2186.0,2179.0,2081.0,2062.0,2109.0
7742632669,2075,2032,1972,1986.0,1998.0,1993.0,1959.0,1927.0,1954.0,2126.0
9300750704,2042,2072,2089,2067.0,2017.0,2018.0,2089.0,2121.0,2167.0,2144.0
5139163589,2340,2297,2345,2311.0,2169.0,2235.0,2207.0,2219.0,2216.0,2136.0
4115400078,3079,2996,2913,2944.0,2965.0,2856.0,2820.0,2837.0,2650.0,2656.0
6645579666,2091,2041,2144,1990.0,1846.0,2060.0,2085.0,2066.0,2178.0,2306.0
9503923487,2784,2680,2556,2518.0,2636.0,2616.0,2479.0,2423.0,2638.0,2764.0
7454794441,2527,2495,2557,2527.0,2498.0,2445.0,2409.0,2408.0,2486.0,2560.0
7534780732,2193,2216,2249,2247.0,2236.0,2224.0,2212.0,2241.0,2199.0,2198.0
4529752438,1978,1774,1610,1253.0,989.0,712.0,,,,
7527230469,2173,2191,2097,2164.0,2178.0,2211.0,2027.0,1926.0,1943.0,1969.0
7487223070,2737,2713,2813,2810.0,2653.0,2570.0,2533.0,2423.0,2469.0,2448.0
6426259823,2892,2822,2948,2948.0,2924.0,2909.0,2842.0,2886.0,2884.0,2805.0
3972062295,1983,1956,1907,1973.0,1845.0,1823.0,1705.0,1675.0,1625.0,1704.0
6934166613,2414,2331,2348,2381.0,2297.0,2226.0,2115.0,2113.0,2039.0,2021.0
3099871056,2240,2139,2040,1955.0,1832.0,1804.0,1512.0,1183.0,621.0,
2334988565,2190,2077,2137,2129.0,2188.0,2223.0,2213.0,2199.0,2090.0,2019.0
3502496023,2692,2696,2792,2853.0,2835.0,2860.0,2847.0,2859.0,2788.0,2711.0
8458231393,2237,2311,2346,2423.0,2427.0,2294.0,2354.0,2330.0,2370.0,2373.0
4038015158,2090,2111,1956,2051.0,2057.0,2094.0,2103.0,2064.0,2010.0,2014.0
3126318745,2086,2015,1930,1965.0,1739.0,1483.0,1221.0,939.0,542.0,
6007941468,1995,2021,2051,1941.0,1969.0,1950.0,1919.0,1896.0,1969.0,1922.0
6392545751,2137,2153,2244,2272.0,2258.0,2028.0,2139.0,2059.0,1953.0,1956.0
4535609940,2020,1946,1954,1861.0,1922.0,1879.0,1680.0,1500.0,1401.0,967.0
7192588019,2156,2174,2171,2207.0,2221.0,2077.0,2040.0,2151.0,2201.0,2310.0
4493912882,2137,2292,2152,2142.0,2168.0,2190.0,2131.0,2036.0,2082.0,2177.0
5137606078,2164,1920,1719,1300.0,780.0,,,,,
8023825012,2407,2315,2370,2490.0,2345.0,2577.0,2486.0,2576.0,2651.0,2608.0
9265359922,2264,2222,2212,2186.0,2196.0,2183.0,2214.0,2204.0,2151.0,2165.0
1095857947,2129,1878,1930,1804.0,1768.0,1711.0,1665.0,1652.0,1614.0,1642.0
3981271911,2157,2044,1928,1999.0,2055.0,2072.0,2100.0,2003.0,2101.0,2042.0
9394313458,2365,2271,2236,2145.0,2099.0,2149.0,2256.0,2176.0,2067.0,2110.0
1803749910,2101,1976,1940,1901.0,1893.0,1967.0,1977.0,1944.0,1901.0,1742.0
5224598569,1996,1997,1998,1997.0,1999.0,2010.0,2018.0,1925.0,1855.0,1917.0
